"use strict";(self.webpackChunkdoris_website=self.webpackChunkdoris_website||[]).push([[530403],{15680:(n,e,t)=>{t.d(e,{xA:()=>i,yg:()=>U});var a=t(296540);function L(n,e,t){return e in n?Object.defineProperty(n,e,{value:t,enumerable:!0,configurable:!0,writable:!0}):n[e]=t,n}function l(n,e){var t=Object.keys(n);if(Object.getOwnPropertySymbols){var a=Object.getOwnPropertySymbols(n);e&&(a=a.filter((function(e){return Object.getOwnPropertyDescriptor(n,e).enumerable}))),t.push.apply(t,a)}return t}function s(n){for(var e=1;e<arguments.length;e++){var t=null!=arguments[e]?arguments[e]:{};e%2?l(Object(t),!0).forEach((function(e){L(n,e,t[e])})):Object.getOwnPropertyDescriptors?Object.defineProperties(n,Object.getOwnPropertyDescriptors(t)):l(Object(t)).forEach((function(e){Object.defineProperty(n,e,Object.getOwnPropertyDescriptor(t,e))}))}return n}function r(n,e){if(null==n)return{};var t,a,L=function(n,e){if(null==n)return{};var t,a,L={},l=Object.keys(n);for(a=0;a<l.length;a++)t=l[a],e.indexOf(t)>=0||(L[t]=n[t]);return L}(n,e);if(Object.getOwnPropertySymbols){var l=Object.getOwnPropertySymbols(n);for(a=0;a<l.length;a++)t=l[a],e.indexOf(t)>=0||Object.prototype.propertyIsEnumerable.call(n,t)&&(L[t]=n[t])}return L}var o=a.createContext({}),N=function(n){var e=a.useContext(o),t=e;return n&&(t="function"==typeof n?n(e):s(s({},e),n)),t},i=function(n){var e=N(n.components);return a.createElement(o.Provider,{value:e},n.children)},u="mdxType",c={inlineCode:"code",wrapper:function(n){var e=n.children;return a.createElement(a.Fragment,{},e)}},k=a.forwardRef((function(n,e){var t=n.components,L=n.mdxType,l=n.originalType,o=n.parentName,i=r(n,["components","mdxType","originalType","parentName"]),u=N(t),k=L,U=u["".concat(o,".").concat(k)]||u[k]||c[k]||l;return t?a.createElement(U,s(s({ref:e},i),{},{components:t})):a.createElement(U,s({ref:e},i))}));function U(n,e){var t=arguments,L=e&&e.mdxType;if("string"==typeof n||L){var l=t.length,s=new Array(l);s[0]=k;var r={};for(var o in e)hasOwnProperty.call(e,o)&&(r[o]=e[o]);r.originalType=n,r[u]="string"==typeof n?n:L,s[1]=r;for(var N=2;N<l;N++)s[N]=t[N];return a.createElement.apply(null,s)}return a.createElement.apply(null,t)}k.displayName="MDXCreateElement"},636009:(n,e,t)=>{t.r(e),t.d(e,{assets:()=>o,contentTitle:()=>s,default:()=>c,frontMatter:()=>l,metadata:()=>r,toc:()=>N});var a=t(58168),L=(t(296540),t(15680));const l={title:"JSON",language:"zh-CN"},s=void 0,r={unversionedId:"sql-manual/sql-data-types/semi-structured/JSON",id:"version-2.1/sql-manual/sql-data-types/semi-structured/JSON",title:"JSON",description:"\x3c!--",source:"@site/i18n/zh-CN/docusaurus-plugin-content-docs/version-2.1/sql-manual/sql-data-types/semi-structured/JSON.md",sourceDirName:"sql-manual/sql-data-types/semi-structured",slug:"/sql-manual/sql-data-types/semi-structured/JSON",permalink:"/zh-CN/docs/sql-manual/sql-data-types/semi-structured/JSON",draft:!1,tags:[],version:"2.1",frontMatter:{title:"JSON",language:"zh-CN"},sidebar:"docs",previous:{title:"STRUCT",permalink:"/zh-CN/docs/sql-manual/sql-data-types/semi-structured/STRUCT"},next:{title:"VARIANT",permalink:"/zh-CN/docs/sql-manual/sql-data-types/semi-structured/VARIANT"}},o={},N=[{value:"\u8bed\u6cd5",id:"\u8bed\u6cd5",level:3},{value:"\u4f7f\u7528\u793a\u4f8b",id:"\u4f7f\u7528\u793a\u4f8b",level:3},{value:"\u521b\u5efa\u5e93\u8868",id:"\u521b\u5efa\u5e93\u8868",level:4},{value:"\u5bfc\u5165\u6570\u636e",id:"\u5bfc\u5165\u6570\u636e",level:4},{value:"stream load \u5bfc\u5165test_json.csv\u6d4b\u8bd5\u6570\u636e",id:"stream-load-\u5bfc\u5165test_jsoncsv\u6d4b\u8bd5\u6570\u636e",level:5},{value:"insert into \u63d2\u5165\u6570\u636e",id:"insert-into-\u63d2\u5165\u6570\u636e",level:5},{value:"\u67e5\u8be2",id:"\u67e5\u8be2",level:4},{value:"\u7528json_extract\u53d6json\u5185\u7684\u67d0\u4e2a\u5b57\u6bb5",id:"\u7528json_extract\u53d6json\u5185\u7684\u67d0\u4e2a\u5b57\u6bb5",level:5},{value:"\u7528json_exists_path\u68c0\u67e5json\u5185\u7684\u67d0\u4e2a\u5b57\u6bb5\u662f\u5426\u5b58\u5728",id:"\u7528json_exists_path\u68c0\u67e5json\u5185\u7684\u67d0\u4e2a\u5b57\u6bb5\u662f\u5426\u5b58\u5728",level:5},{value:"\u7528json_type\u83b7\u53d6JSON\u5185\u7684\u67d0\u4e2a\u5b57\u6bb5\u7684\u7c7b\u578b",id:"\u7528json_type\u83b7\u53d6json\u5185\u7684\u67d0\u4e2a\u5b57\u6bb5\u7684\u7c7b\u578b",level:5},{value:"keywords",id:"keywords",level:3}],i={toc:N},u="wrapper";function c(n){let{components:e,...t}=n;return(0,L.yg)(u,(0,a.A)({},i,t,{components:e,mdxType:"MDXLayout"}),(0,L.yg)("p",null,"JSON \u6570\u636e\u7c7b\u578b\uff0c\u7528\u4e8c\u8fdb\u5236\u683c\u5f0f\u9ad8\u6548\u5b58\u50a8 ",(0,L.yg)("a",{parentName:"p",href:"https://www.rfc-editor.org/rfc/rfc8785"},"JSON")," \u6570\u636e\uff0c\u901a\u8fc7 JSON \u51fd\u6570\u8bbf\u95ee\u5176\u5185\u90e8\u5b57\u6bb5\u3002"),(0,L.yg)("p",null,"\u9ed8\u8ba4\u652f\u63011048576 \u5b57\u8282\uff081 MB\uff09\uff0c\u53ef\u8c03\u5927\u5230 2147483643 \u5b57\u8282\uff082 GB\uff09\uff0c\u53ef\u901a\u8fc7 BE \u914d\u7f6e",(0,L.yg)("inlineCode",{parentName:"p"},"string_type_length_soft_limit_bytes")," \u8c03\u6574\u3002"),(0,L.yg)("pre",null,(0,L.yg)("code",{parentName:"pre"},"\u4e0e\u666e\u901a String \u7c7b\u578b\u5b58\u50a8\u7684 JSON \u5b57\u7b26\u4e32\u76f8\u6bd4\uff0cJSON \u7c7b\u578b\u6709\u4e24\u70b9\u4f18\u52bf\n1. \u6570\u636e\u5199\u5165\u65f6\u8fdb\u884c JSON \u683c\u5f0f\u6821\u9a8c\n2. \u4e8c\u8fdb\u5236\u5b58\u50a8\u683c\u5f0f\u66f4\u52a0\u9ad8\u6548\uff0c\u901a\u8fc7json_extract\u7b49\u51fd\u6570\u53ef\u4ee5\u9ad8\u6548\u8bbf\u95eeJSON\u5185\u90e8\u5b57\u6bb5\uff0c\u6bd4get_json_xx\u51fd\u6570\u5feb\u51e0\u500d\n\n:::caution \u6ce8\u610f\n\u57281.2.x\u7248\u672c\u4e2d\uff0cJSON \u7c7b\u578b\u7684\u540d\u5b57\u662f JSONB\uff0c\u4e3a\u4e86\u5c3d\u91cf\u8ddf MySQL \u517c\u5bb9\uff0c\u4ece 2.0.0 \u7248\u672c\u5f00\u59cb\u6539\u540d\u4e3a JSON\uff0c\u8001\u7684\u8868\u4ecd\u7136\u53ef\u4ee5\u4f7f\u7528\u3002\n:::\n")),(0,L.yg)("h3",{id:"\u8bed\u6cd5"},"\u8bed\u6cd5"),(0,L.yg)("p",null,(0,L.yg)("strong",{parentName:"p"},"\u5b9a\u4e49")),(0,L.yg)("pre",null,(0,L.yg)("code",{parentName:"pre",className:"language-sql"},"json_column_name JSON\n")),(0,L.yg)("p",null,(0,L.yg)("strong",{parentName:"p"},"\u5199\u5165")),(0,L.yg)("ul",null,(0,L.yg)("li",{parentName:"ul"},"INSERT INTO VALUE \u683c\u5f0f\u662f\u5f15\u53f7\u5305\u56f4\u7684\u5b57\u7b26\u4e32\u3002\u4f8b\u5982\uff1a")),(0,L.yg)("pre",null,(0,L.yg)("code",{parentName:"pre",className:"language-sql"},'INSERT INTO table_name(id, json_column_name) VALUES (1, \'{"k1": "100"}\')\n')),(0,L.yg)("ul",null,(0,L.yg)("li",{parentName:"ul"},"STREAM LOAD \u5bf9\u5e94\u5217\u7684\u683c\u5f0f\u662f\u5b57\u7b26\u4e32\uff0c\u4e0d\u9700\u8981\u989d\u5916\u5f15\u53f7\u5305\u56f4\u3002\u4f8b\u5982\uff1a")),(0,L.yg)("pre",null,(0,L.yg)("code",{parentName:"pre"},'12  {"k1":"v31", "k2": 300}\n13  []\n14  [123, 456]\n')),(0,L.yg)("p",null,(0,L.yg)("strong",{parentName:"p"},"\u67e5\u8be2")),(0,L.yg)("ul",null,(0,L.yg)("li",{parentName:"ul"},"\u76f4\u63a5\u5c06\u6574\u4e2a JSON \u5217 SELECT \u51fa\u6765")),(0,L.yg)("pre",null,(0,L.yg)("code",{parentName:"pre",className:"language-sql"},"SELECT json_column_name FROM table_name;\n")),(0,L.yg)("ul",null,(0,L.yg)("li",{parentName:"ul"},"\u4ece JSON \u4e2d\u63d0\u53d6\u9700\u8981\u7684\u5b57\u6bb5\uff0c\u6216\u8005\u5176\u4ed6\u4fe1\u606f\uff0c\u53c2\u8003 JSON \u51fd\u6570\uff0c\u4f8b\u5982\uff1a")),(0,L.yg)("pre",null,(0,L.yg)("code",{parentName:"pre",className:"language-sql"},"SELECT json_extract(json_column_name, '$.k1') FROM table_name;\n")),(0,L.yg)("ul",null,(0,L.yg)("li",{parentName:"ul"},"JSON \u7c7b\u578b\u53ef\u4ee5\u4e0e\u6574\u6570\u3001\u5b57\u7b26\u4e32\u3001BOOLEAN\u3001ARRAY\u3001MAP \u8fdb\u884c\u7c7b\u578b\u8f6c\u6362 CAST\uff0c\u4f8b\u5982\uff1a")),(0,L.yg)("pre",null,(0,L.yg)("code",{parentName:"pre",className:"language-sql"},"SELECT CAST('{\"k1\": \"100\"}' AS JSON)\nSELECT CAST(json_column_name AS String) FROM table_name;\nSELECT CAST(json_extract(json_column_name, '$.k1') AS INT) FROM table_name;\n")),(0,L.yg)("admonition",{type:"tip"},(0,L.yg)("p",{parentName:"admonition"},"JSON \u7c7b\u578b\u6682\u65f6\u4e0d\u80fd\u7528\u4e8e GROUP BY\uff0cORDER BY\uff0c\u6bd4\u8f83\u5927\u5c0f")),(0,L.yg)("h3",{id:"\u4f7f\u7528\u793a\u4f8b"},"\u4f7f\u7528\u793a\u4f8b"),(0,L.yg)("pre",null,(0,L.yg)("code",{parentName:"pre"},"\u7528\u4e00\u4e2a\u4ece\u5efa\u8868\u3001\u5bfc\u6570\u636e\u3001\u67e5\u8be2\u5168\u5468\u671f\u7684\u4f8b\u5b50\u8bf4\u660eJSON\u6570\u636e\u7c7b\u578b\u7684\u529f\u80fd\u548c\u7528\u6cd5\u3002\n")),(0,L.yg)("h4",{id:"\u521b\u5efa\u5e93\u8868"},"\u521b\u5efa\u5e93\u8868"),(0,L.yg)("pre",null,(0,L.yg)("code",{parentName:"pre"},'CREATE DATABASE testdb;\n\nUSE testdb;\n\nCREATE TABLE test_json (\n  id INT,\n  j JSON\n)\nDUPLICATE KEY(id)\nDISTRIBUTED BY HASH(id) BUCKETS 10\nPROPERTIES("replication_num" = "1");\n')),(0,L.yg)("h4",{id:"\u5bfc\u5165\u6570\u636e"},"\u5bfc\u5165\u6570\u636e"),(0,L.yg)("h5",{id:"stream-load-\u5bfc\u5165test_jsoncsv\u6d4b\u8bd5\u6570\u636e"},"stream load \u5bfc\u5165test_json.csv\u6d4b\u8bd5\u6570\u636e"),(0,L.yg)("ul",null,(0,L.yg)("li",{parentName:"ul"},"\u6d4b\u8bd5\u6570\u636e\u67092\u5217\uff0c\u7b2c\u4e00\u5217ID\uff0c\u7b2c\u4e8c\u5217\u662fJSON"),(0,L.yg)("li",{parentName:"ul"},"\u6d4b\u8bd5\u6570\u636e\u670925\u884c\uff0c\u5176\u4e2d\u524d18\u884c\u7684JSON\u662f\u5408\u6cd5\u7684\uff0c\u540e7\u884c\u7684JSON\u662f\u975e\u6cd5\u7684")),(0,L.yg)("pre",null,(0,L.yg)("code",{parentName:"pre"},'1   \\N\n2   null\n3   true\n4   false\n5   100\n6   10000\n7   1000000000\n8   1152921504606846976\n9   6.18\n10  "abcd"\n11  {}\n12  {"k1":"v31", "k2": 300}\n13  []\n14  [123, 456]\n15  ["abc", "def"]\n16  [null, true, false, 100, 6.18, "abc"]\n17  [{"k1":"v41", "k2": 400}, 1, "a", 3.14]\n18  {"k1":"v31", "k2": 300, "a1": [{"k1":"v41", "k2": 400}, 1, "a", 3.14]}\n19  \'\'\n20  \'abc\'\n21  abc\n22  100x\n23  6.a8\n24  {x\n25  [123, abc]\n')),(0,L.yg)("ul",null,(0,L.yg)("li",{parentName:"ul"},'\u7531\u4e8e\u670928%\u7684\u975e\u6cd5\u6570\u636e\uff0c\u9ed8\u8ba4\u4f1a\u5931\u8d25\u62a5\u9519 "too many filtered rows"')),(0,L.yg)("pre",null,(0,L.yg)("code",{parentName:"pre"},'curl --location-trusted -u root: -T test_json.csv http://127.0.0.1:8840/api/testdb/test_json/_stream_load\n{\n    "TxnId": 12019,\n    "Label": "744d9821-9c9f-43dc-bf3b-7ab048f14e32",\n    "TwoPhaseCommit": "false",\n    "Status": "Fail",\n    "Message": "too many filtered rows",\n    "NumberTotalRows": 25,\n    "NumberLoadedRows": 18,\n    "NumberFilteredRows": 7,\n    "NumberUnselectedRows": 0,\n    "LoadBytes": 380,\n    "LoadTimeMs": 48,\n    "BeginTxnTimeMs": 0,\n    "StreamLoadPutTimeMs": 1,\n    "ReadDataTimeMs": 0,\n    "WriteDataTimeMs": 45,\n    "CommitAndPublishTimeMs": 0,\n    "ErrorURL": "http://172.21.0.5:8840/api/_load_error_log?file=__shard_2/error_log_insert_stmt_95435c4bf5f156df-426735082a9296af_95435c4bf5f156df_426735082a9296af"\n}\n')),(0,L.yg)("ul",null,(0,L.yg)("li",{parentName:"ul"},"\u8bbe\u7f6e\u5bb9\u9519\u7387\u53c2\u6570 'max_filter_ratio: 0.3'")),(0,L.yg)("pre",null,(0,L.yg)("code",{parentName:"pre"},'curl --location-trusted -u root: -H \'max_filter_ratio: 0.3\' -T test_json.csv http://127.0.0.1:8840/api/testdb/test_json/_stream_load\n{\n    "TxnId": 12017,\n    "Label": "f37a50c1-43e9-4f4e-a159-a3db6abe2579",\n    "TwoPhaseCommit": "false",\n    "Status": "Success",\n    "Message": "OK",\n    "NumberTotalRows": 25,\n    "NumberLoadedRows": 18,\n    "NumberFilteredRows": 7,\n    "NumberUnselectedRows": 0,\n    "LoadBytes": 380,\n    "LoadTimeMs": 68,\n    "BeginTxnTimeMs": 0,\n    "StreamLoadPutTimeMs": 2,\n    "ReadDataTimeMs": 0,\n    "WriteDataTimeMs": 45,\n    "CommitAndPublishTimeMs": 19,\n    "ErrorURL": "http://172.21.0.5:8840/api/_load_error_log?file=__shard_0/error_log_insert_stmt_a1463f98a7b15caf-c79399b920f5bfa3_a1463f98a7b15caf_c79399b920f5bfa3"\n}\n')),(0,L.yg)("ul",null,(0,L.yg)("li",{parentName:"ul"},"\u67e5\u770bstream load\u5bfc\u5165\u7684\u6570\u636e\uff0cJSON\u7c7b\u578b\u7684\u5217j\u4f1a\u81ea\u52a8\u8f6c\u6210JSON String\u5c55\u793a")),(0,L.yg)("pre",null,(0,L.yg)("code",{parentName:"pre"},'mysql> SELECT * FROM test_json ORDER BY id;\n+------+---------------------------------------------------------------+\n| id   | j                                                             |\n+------+---------------------------------------------------------------+\n|    1 |                                                          NULL |\n|    2 |                                                          null |\n|    3 |                                                          true |\n|    4 |                                                         false |\n|    5 |                                                           100 |\n|    6 |                                                         10000 |\n|    7 |                                                    1000000000 |\n|    8 |                                           1152921504606846976 |\n|    9 |                                                          6.18 |\n|   10 |                                                        "abcd" |\n|   11 |                                                            {} |\n|   12 |                                         {"k1":"v31","k2":300} |\n|   13 |                                                            [] |\n|   14 |                                                     [123,456] |\n|   15 |                                                 ["abc","def"] |\n|   16 |                              [null,true,false,100,6.18,"abc"] |\n|   17 |                            [{"k1":"v41","k2":400},1,"a",3.14] |\n|   18 | {"k1":"v31","k2":300,"a1":[{"k1":"v41","k2":400},1,"a",3.14]} |\n+------+---------------------------------------------------------------+\n18 rows in set (0.03 sec)\n\n')),(0,L.yg)("h5",{id:"insert-into-\u63d2\u5165\u6570\u636e"},"insert into \u63d2\u5165\u6570\u636e"),(0,L.yg)("ul",null,(0,L.yg)("li",{parentName:"ul"},"insert 1\u6761\u6570\u636e\uff0c\u603b\u6570\u636e\u4ece18\u6761\u589e\u52a0\u523019\u6761")),(0,L.yg)("pre",null,(0,L.yg)("code",{parentName:"pre"},'mysql> INSERT INTO test_json VALUES(26, \'{"k1":"v1", "k2": 200}\');\nQuery OK, 1 row affected (0.09 sec)\n{\'label\':\'insert_4ece6769d1b42fd_ac9f25b3b8f3dc02\', \'status\':\'VISIBLE\', \'txnId\':\'12016\'}\n\nmysql> SELECT * FROM test_json ORDER BY id;\n+------+---------------------------------------------------------------+\n| id   | j                                                             |\n+------+---------------------------------------------------------------+\n|    1 |                                                          NULL |\n|    2 |                                                          null |\n|    3 |                                                          true |\n|    4 |                                                         false |\n|    5 |                                                           100 |\n|    6 |                                                         10000 |\n|    7 |                                                    1000000000 |\n|    8 |                                           1152921504606846976 |\n|    9 |                                                          6.18 |\n|   10 |                                                        "abcd" |\n|   11 |                                                            {} |\n|   12 |                                         {"k1":"v31","k2":300} |\n|   13 |                                                            [] |\n|   14 |                                                     [123,456] |\n|   15 |                                                 ["abc","def"] |\n|   16 |                              [null,true,false,100,6.18,"abc"] |\n|   17 |                            [{"k1":"v41","k2":400},1,"a",3.14] |\n|   18 | {"k1":"v31","k2":300,"a1":[{"k1":"v41","k2":400},1,"a",3.14]} |\n|   26 |                                          {"k1":"v1","k2":200} |\n+------+---------------------------------------------------------------+\n19 rows in set (0.03 sec)\n\n')),(0,L.yg)("h4",{id:"\u67e5\u8be2"},"\u67e5\u8be2"),(0,L.yg)("h5",{id:"\u7528json_extract\u53d6json\u5185\u7684\u67d0\u4e2a\u5b57\u6bb5"},"\u7528json_extract\u53d6json\u5185\u7684\u67d0\u4e2a\u5b57\u6bb5"),(0,L.yg)("ol",null,(0,L.yg)("li",{parentName:"ol"},"\u83b7\u53d6\u6574\u4e2ajson\uff0c$ \u5728json path\u4e2d\u4ee3\u8868root\uff0c\u5373\u6574\u4e2ajson")),(0,L.yg)("pre",null,(0,L.yg)("code",{parentName:"pre"},'+------+---------------------------------------------------------------+---------------------------------------------------------------+\n| id   | j                                                             | json_extract(`j`, \'$\')                                       |\n+------+---------------------------------------------------------------+---------------------------------------------------------------+\n|    1 |                                                          NULL |                                                          NULL |\n|    2 |                                                          null |                                                          null |\n|    3 |                                                          true |                                                          true |\n|    4 |                                                         false |                                                         false |\n|    5 |                                                           100 |                                                           100 |\n|    6 |                                                         10000 |                                                         10000 |\n|    7 |                                                    1000000000 |                                                    1000000000 |\n|    8 |                                           1152921504606846976 |                                           1152921504606846976 |\n|    9 |                                                          6.18 |                                                          6.18 |\n|   10 |                                                        "abcd" |                                                        "abcd" |\n|   11 |                                                            {} |                                                            {} |\n|   12 |                                         {"k1":"v31","k2":300} |                                         {"k1":"v31","k2":300} |\n|   13 |                                                            [] |                                                            [] |\n|   14 |                                                     [123,456] |                                                     [123,456] |\n|   15 |                                                 ["abc","def"] |                                                 ["abc","def"] |\n|   16 |                              [null,true,false,100,6.18,"abc"] |                              [null,true,false,100,6.18,"abc"] |\n|   17 |                            [{"k1":"v41","k2":400},1,"a",3.14] |                            [{"k1":"v41","k2":400},1,"a",3.14] |\n|   18 | {"k1":"v31","k2":300,"a1":[{"k1":"v41","k2":400},1,"a",3.14]} | {"k1":"v31","k2":300,"a1":[{"k1":"v41","k2":400},1,"a",3.14]} |\n|   26 |                                          {"k1":"v1","k2":200} |                                          {"k1":"v1","k2":200} |\n+------+---------------------------------------------------------------+---------------------------------------------------------------+\n19 rows in set (0.03 sec)\n')),(0,L.yg)("ol",null,(0,L.yg)("li",{parentName:"ol"},"\u83b7\u53d6k1\u5b57\u6bb5\uff0c\u6ca1\u6709k1\u5b57\u6bb5\u7684\u884c\u8fd4\u56deNULL")),(0,L.yg)("pre",null,(0,L.yg)("code",{parentName:"pre"},'mysql> SELECT id, j, json_extract(j, \'$.k1\') FROM test_json ORDER BY id;\n+------+---------------------------------------------------------------+----------------------------+\n| id   | j                                                             | json_extract(`j`, \'$.k1\') |\n+------+---------------------------------------------------------------+----------------------------+\n|    1 |                                                          NULL |                       NULL |\n|    2 |                                                          null |                       NULL |\n|    3 |                                                          true |                       NULL |\n|    4 |                                                         false |                       NULL |\n|    5 |                                                           100 |                       NULL |\n|    6 |                                                         10000 |                       NULL |\n|    7 |                                                    1000000000 |                       NULL |\n|    8 |                                           1152921504606846976 |                       NULL |\n|    9 |                                                          6.18 |                       NULL |\n|   10 |                                                        "abcd" |                       NULL |\n|   11 |                                                            {} |                       NULL |\n|   12 |                                         {"k1":"v31","k2":300} |                      "v31" |\n|   13 |                                                            [] |                       NULL |\n|   14 |                                                     [123,456] |                       NULL |\n|   15 |                                                 ["abc","def"] |                       NULL |\n|   16 |                              [null,true,false,100,6.18,"abc"] |                       NULL |\n|   17 |                            [{"k1":"v41","k2":400},1,"a",3.14] |                       NULL |\n|   18 | {"k1":"v31","k2":300,"a1":[{"k1":"v41","k2":400},1,"a",3.14]} |                      "v31" |\n|   26 |                                          {"k1":"v1","k2":200} |                       "v1" |\n+------+---------------------------------------------------------------+----------------------------+\n19 rows in set (0.03 sec)\n')),(0,L.yg)("ol",null,(0,L.yg)("li",{parentName:"ol"},"\u83b7\u53d6\u9876\u5c42\u6570\u7ec4\u7684\u7b2c0\u4e2a\u5143\u7d20")),(0,L.yg)("pre",null,(0,L.yg)("code",{parentName:"pre"},'mysql> SELECT id, j, json_extract(j, \'$[0]\') FROM test_json ORDER BY id;\n+------+---------------------------------------------------------------+----------------------------+\n| id   | j                                                             | json_extract(`j`, \'$[0]\') |\n+------+---------------------------------------------------------------+----------------------------+\n|    1 |                                                          NULL |                       NULL |\n|    2 |                                                          null |                       NULL |\n|    3 |                                                          true |                       NULL |\n|    4 |                                                         false |                       NULL |\n|    5 |                                                           100 |                       NULL |\n|    6 |                                                         10000 |                       NULL |\n|    7 |                                                    1000000000 |                       NULL |\n|    8 |                                           1152921504606846976 |                       NULL |\n|    9 |                                                          6.18 |                       NULL |\n|   10 |                                                        "abcd" |                       NULL |\n|   11 |                                                            {} |                       NULL |\n|   12 |                                         {"k1":"v31","k2":300} |                       NULL |\n|   13 |                                                            [] |                       NULL |\n|   14 |                                                     [123,456] |                        123 |\n|   15 |                                                 ["abc","def"] |                      "abc" |\n|   16 |                              [null,true,false,100,6.18,"abc"] |                       null |\n|   17 |                            [{"k1":"v41","k2":400},1,"a",3.14] |      {"k1":"v41","k2":400} |\n|   18 | {"k1":"v31","k2":300,"a1":[{"k1":"v41","k2":400},1,"a",3.14]} |                       NULL |\n|   26 |                                          {"k1":"v1","k2":200} |                       NULL |\n+------+---------------------------------------------------------------+----------------------------+\n19 rows in set (0.03 sec)\n')),(0,L.yg)("ol",null,(0,L.yg)("li",{parentName:"ol"},"\u83b7\u53d6\u6574\u4e2ajson array")),(0,L.yg)("pre",null,(0,L.yg)("code",{parentName:"pre"},'mysql> SELECT id, j, json_extract(j, \'$.a1\') FROM test_json ORDER BY id;\n+------+---------------------------------------------------------------+------------------------------------+\n| id   | j                                                             | json_extract(`j`, \'$.a1\')         |\n+------+---------------------------------------------------------------+------------------------------------+\n|    1 |                                                          NULL |                               NULL |\n|    2 |                                                          null |                               NULL |\n|    3 |                                                          true |                               NULL |\n|    4 |                                                         false |                               NULL |\n|    5 |                                                           100 |                               NULL |\n|    6 |                                                         10000 |                               NULL |\n|    7 |                                                    1000000000 |                               NULL |\n|    8 |                                           1152921504606846976 |                               NULL |\n|    9 |                                                          6.18 |                               NULL |\n|   10 |                                                        "abcd" |                               NULL |\n|   11 |                                                            {} |                               NULL |\n|   12 |                                         {"k1":"v31","k2":300} |                               NULL |\n|   13 |                                                            [] |                               NULL |\n|   14 |                                                     [123,456] |                               NULL |\n|   15 |                                                 ["abc","def"] |                               NULL |\n|   16 |                              [null,true,false,100,6.18,"abc"] |                               NULL |\n|   17 |                            [{"k1":"v41","k2":400},1,"a",3.14] |                               NULL |\n|   18 | {"k1":"v31","k2":300,"a1":[{"k1":"v41","k2":400},1,"a",3.14]} | [{"k1":"v41","k2":400},1,"a",3.14] |\n|   26 |                                          {"k1":"v1","k2":200} |                               NULL |\n+------+---------------------------------------------------------------+------------------------------------+\n19 rows in set (0.02 sec)\n')),(0,L.yg)("ol",null,(0,L.yg)("li",{parentName:"ol"},"\u83b7\u53d6json array\u4e2d\u5d4c\u5957object\u7684\u5b57\u6bb5")),(0,L.yg)("pre",null,(0,L.yg)("code",{parentName:"pre"},'mysql> SELECT id, j, json_extract(j, \'$.a1[0]\'), json_extract(j, \'$.a1[0].k1\') FROM test_json ORDER BY id;\n+------+---------------------------------------------------------------+-------------------------------+----------------------------------+\n| id   | j                                                             | json_extract(`j`, \'$.a1[0]\') | json_extract(`j`, \'$.a1[0].k1\') |\n+------+---------------------------------------------------------------+-------------------------------+----------------------------------+\n|    1 |                                                          NULL |                          NULL |                             NULL |\n|    2 |                                                          null |                          NULL |                             NULL |\n|    3 |                                                          true |                          NULL |                             NULL |\n|    4 |                                                         false |                          NULL |                             NULL |\n|    5 |                                                           100 |                          NULL |                             NULL |\n|    6 |                                                         10000 |                          NULL |                             NULL |\n|    7 |                                                    1000000000 |                          NULL |                             NULL |\n|    8 |                                           1152921504606846976 |                          NULL |                             NULL |\n|    9 |                                                          6.18 |                          NULL |                             NULL |\n|   10 |                                                        "abcd" |                          NULL |                             NULL |\n|   11 |                                                            {} |                          NULL |                             NULL |\n|   12 |                                         {"k1":"v31","k2":300} |                          NULL |                             NULL |\n|   13 |                                                            [] |                          NULL |                             NULL |\n|   14 |                                                     [123,456] |                          NULL |                             NULL |\n|   15 |                                                 ["abc","def"] |                          NULL |                             NULL |\n|   16 |                              [null,true,false,100,6.18,"abc"] |                          NULL |                             NULL |\n|   17 |                            [{"k1":"v41","k2":400},1,"a",3.14] |                          NULL |                             NULL |\n|   18 | {"k1":"v31","k2":300,"a1":[{"k1":"v41","k2":400},1,"a",3.14]} |         {"k1":"v41","k2":400} |                            "v41" |\n|   26 |                                          {"k1":"v1","k2":200} |                          NULL |                             NULL |\n+------+---------------------------------------------------------------+-------------------------------+----------------------------------+\n19 rows in set (0.02 sec)\n\n')),(0,L.yg)("ol",null,(0,L.yg)("li",{parentName:"ol"},"\u83b7\u53d6\u5177\u4f53\u7c7b\u578b\u7684")),(0,L.yg)("ul",null,(0,L.yg)("li",{parentName:"ul"},"json_extract_string \u83b7\u53d6String\u7c7b\u578b\u5b57\u6bb5\uff0c\u975eString\u7c7b\u578b\u8f6c\u6210String")),(0,L.yg)("pre",null,(0,L.yg)("code",{parentName:"pre"},'mysql> SELECT id, j, json_extract_string(j, \'$\') FROM test_json ORDER BY id;\n+------+---------------------------------------------------------------+---------------------------------------------------------------+\n| id   | j                                                             | json_extract_string(`j`, \'$\')                                |\n+------+---------------------------------------------------------------+---------------------------------------------------------------+\n|    1 | NULL                                                          | NULL                                                          |\n|    2 | null                                                          | null                                                          |\n|    3 | true                                                          | true                                                          |\n|    4 | false                                                         | false                                                         |\n|    5 | 100                                                           | 100                                                           |\n|    6 | 10000                                                         | 10000                                                         |\n|    7 | 1000000000                                                    | 1000000000                                                    |\n|    8 | 1152921504606846976                                           | 1152921504606846976                                           |\n|    9 | 6.18                                                          | 6.18                                                          |\n|   10 | "abcd"                                                        | abcd                                                          |\n|   11 | {}                                                            | {}                                                            |\n|   12 | {"k1":"v31","k2":300}                                         | {"k1":"v31","k2":300}                                         |\n|   13 | []                                                            | []                                                            |\n|   14 | [123,456]                                                     | [123,456]                                                     |\n|   15 | ["abc","def"]                                                 | ["abc","def"]                                                 |\n|   16 | [null,true,false,100,6.18,"abc"]                              | [null,true,false,100,6.18,"abc"]                              |\n|   17 | [{"k1":"v41","k2":400},1,"a",3.14]                            | [{"k1":"v41","k2":400},1,"a",3.14]                            |\n|   18 | {"k1":"v31","k2":300,"a1":[{"k1":"v41","k2":400},1,"a",3.14]} | {"k1":"v31","k2":300,"a1":[{"k1":"v41","k2":400},1,"a",3.14]} |\n|   26 | {"k1":"v1","k2":200}                                          | {"k1":"v1","k2":200}                                          |\n+------+---------------------------------------------------------------+---------------------------------------------------------------+\n19 rows in set (0.02 sec)\n\nmysql> SELECT id, j, json_extract_string(j, \'$.k1\') FROM test_json ORDER BY id;\n+------+---------------------------------------------------------------+-----------------------------------+\n| id   | j                                                             | json_extract_string(`j`, \'$.k1\') |\n+------+---------------------------------------------------------------+-----------------------------------+\n|    1 |                                                          NULL | NULL                              |\n|    2 |                                                          null | NULL                              |\n|    3 |                                                          true | NULL                              |\n|    4 |                                                         false | NULL                              |\n|    5 |                                                           100 | NULL                              |\n|    6 |                                                         10000 | NULL                              |\n|    7 |                                                    1000000000 | NULL                              |\n|    8 |                                           1152921504606846976 | NULL                              |\n|    9 |                                                          6.18 | NULL                              |\n|   10 |                                                        "abcd" | NULL                              |\n|   11 |                                                            {} | NULL                              |\n|   12 |                                         {"k1":"v31","k2":300} | v31                               |\n|   13 |                                                            [] | NULL                              |\n|   14 |                                                     [123,456] | NULL                              |\n|   15 |                                                 ["abc","def"] | NULL                              |\n|   16 |                              [null,true,false,100,6.18,"abc"] | NULL                              |\n|   17 |                            [{"k1":"v41","k2":400},1,"a",3.14] | NULL                              |\n|   18 | {"k1":"v31","k2":300,"a1":[{"k1":"v41","k2":400},1,"a",3.14]} | v31                               |\n|   26 |                                          {"k1":"v1","k2":200} | v1                                |\n+------+---------------------------------------------------------------+-----------------------------------+\n19 rows in set (0.03 sec)\n\n')),(0,L.yg)("ul",null,(0,L.yg)("li",{parentName:"ul"},"json_extract_int \u83b7\u53d6int\u7c7b\u578b\u5b57\u6bb5\uff0c\u975eint\u7c7b\u578b\u8fd4\u56deNULL")),(0,L.yg)("pre",null,(0,L.yg)("code",{parentName:"pre"},'mysql> SELECT id, j, json_extract_int(j, \'$\') FROM test_json ORDER BY id;\n+------+---------------------------------------------------------------+-----------------------------+\n| id   | j                                                             | json_extract_int(`j`, \'$\') |\n+------+---------------------------------------------------------------+-----------------------------+\n|    1 |                                                          NULL |                        NULL |\n|    2 |                                                          null |                        NULL |\n|    3 |                                                          true |                        NULL |\n|    4 |                                                         false |                        NULL |\n|    5 |                                                           100 |                         100 |\n|    6 |                                                         10000 |                       10000 |\n|    7 |                                                    1000000000 |                  1000000000 |\n|    8 |                                           1152921504606846976 |                        NULL |\n|    9 |                                                          6.18 |                        NULL |\n|   10 |                                                        "abcd" |                        NULL |\n|   11 |                                                            {} |                        NULL |\n|   12 |                                         {"k1":"v31","k2":300} |                        NULL |\n|   13 |                                                            [] |                        NULL |\n|   14 |                                                     [123,456] |                        NULL |\n|   15 |                                                 ["abc","def"] |                        NULL |\n|   16 |                              [null,true,false,100,6.18,"abc"] |                        NULL |\n|   17 |                            [{"k1":"v41","k2":400},1,"a",3.14] |                        NULL |\n|   18 | {"k1":"v31","k2":300,"a1":[{"k1":"v41","k2":400},1,"a",3.14]} |                        NULL |\n|   26 |                                          {"k1":"v1","k2":200} |                        NULL |\n+------+---------------------------------------------------------------+-----------------------------+\n19 rows in set (0.02 sec)\n\nmysql> SELECT id, j, json_extract_int(j, \'$.k2\') FROM test_json ORDER BY id;\n+------+---------------------------------------------------------------+--------------------------------+\n| id   | j                                                             | json_extract_int(`j`, \'$.k2\') |\n+------+---------------------------------------------------------------+--------------------------------+\n|    1 |                                                          NULL |                           NULL |\n|    2 |                                                          null |                           NULL |\n|    3 |                                                          true |                           NULL |\n|    4 |                                                         false |                           NULL |\n|    5 |                                                           100 |                           NULL |\n|    6 |                                                         10000 |                           NULL |\n|    7 |                                                    1000000000 |                           NULL |\n|    8 |                                           1152921504606846976 |                           NULL |\n|    9 |                                                          6.18 |                           NULL |\n|   10 |                                                        "abcd" |                           NULL |\n|   11 |                                                            {} |                           NULL |\n|   12 |                                         {"k1":"v31","k2":300} |                            300 |\n|   13 |                                                            [] |                           NULL |\n|   14 |                                                     [123,456] |                           NULL |\n|   15 |                                                 ["abc","def"] |                           NULL |\n|   16 |                              [null,true,false,100,6.18,"abc"] |                           NULL |\n|   17 |                            [{"k1":"v41","k2":400},1,"a",3.14] |                           NULL |\n|   18 | {"k1":"v31","k2":300,"a1":[{"k1":"v41","k2":400},1,"a",3.14]} |                            300 |\n|   26 |                                          {"k1":"v1","k2":200} |                            200 |\n+------+---------------------------------------------------------------+--------------------------------+\n19 rows in set (0.03 sec)\n')),(0,L.yg)("ul",null,(0,L.yg)("li",{parentName:"ul"},"json_extract_bigint \u83b7\u53d6bigint\u7c7b\u578b\u5b57\u6bb5\uff0c\u975ebigint\u7c7b\u578b\u8fd4\u56deNULL")),(0,L.yg)("pre",null,(0,L.yg)("code",{parentName:"pre"},'mysql> SELECT id, j, json_extract_bigint(j, \'$\') FROM test_json ORDER BY id;\n+------+---------------------------------------------------------------+--------------------------------+\n| id   | j                                                             | json_extract_bigint(`j`, \'$\') |\n+------+---------------------------------------------------------------+--------------------------------+\n|    1 |                                                          NULL |                           NULL |\n|    2 |                                                          null |                           NULL |\n|    3 |                                                          true |                           NULL |\n|    4 |                                                         false |                           NULL |\n|    5 |                                                           100 |                            100 |\n|    6 |                                                         10000 |                          10000 |\n|    7 |                                                    1000000000 |                     1000000000 |\n|    8 |                                           1152921504606846976 |            1152921504606846976 |\n|    9 |                                                          6.18 |                           NULL |\n|   10 |                                                        "abcd" |                           NULL |\n|   11 |                                                            {} |                           NULL |\n|   12 |                                         {"k1":"v31","k2":300} |                           NULL |\n|   13 |                                                            [] |                           NULL |\n|   14 |                                                     [123,456] |                           NULL |\n|   15 |                                                 ["abc","def"] |                           NULL |\n|   16 |                              [null,true,false,100,6.18,"abc"] |                           NULL |\n|   17 |                            [{"k1":"v41","k2":400},1,"a",3.14] |                           NULL |\n|   18 | {"k1":"v31","k2":300,"a1":[{"k1":"v41","k2":400},1,"a",3.14]} |                           NULL |\n|   26 |                                          {"k1":"v1","k2":200} |                           NULL |\n+------+---------------------------------------------------------------+--------------------------------+\n19 rows in set (0.03 sec)\n\nmysql> SELECT id, j, json_extract_bigint(j, \'$.k2\') FROM test_json ORDER BY id;\n+------+---------------------------------------------------------------+-----------------------------------+\n| id   | j                                                             | json_extract_bigint(`j`, \'$.k2\') |\n+------+---------------------------------------------------------------+-----------------------------------+\n|    1 |                                                          NULL |                              NULL |\n|    2 |                                                          null |                              NULL |\n|    3 |                                                          true |                              NULL |\n|    4 |                                                         false |                              NULL |\n|    5 |                                                           100 |                              NULL |\n|    6 |                                                         10000 |                              NULL |\n|    7 |                                                    1000000000 |                              NULL |\n|    8 |                                           1152921504606846976 |                              NULL |\n|    9 |                                                          6.18 |                              NULL |\n|   10 |                                                        "abcd" |                              NULL |\n|   11 |                                                            {} |                              NULL |\n|   12 |                                         {"k1":"v31","k2":300} |                               300 |\n|   13 |                                                            [] |                              NULL |\n|   14 |                                                     [123,456] |                              NULL |\n|   15 |                                                 ["abc","def"] |                              NULL |\n|   16 |                              [null,true,false,100,6.18,"abc"] |                              NULL |\n|   17 |                            [{"k1":"v41","k2":400},1,"a",3.14] |                              NULL |\n|   18 | {"k1":"v31","k2":300,"a1":[{"k1":"v41","k2":400},1,"a",3.14]} |                               300 |\n|   26 |                                          {"k1":"v1","k2":200} |                               200 |\n+------+---------------------------------------------------------------+-----------------------------------+\n19 rows in set (0.02 sec)\n\n')),(0,L.yg)("ul",null,(0,L.yg)("li",{parentName:"ul"},"json_extract_double \u83b7\u53d6double\u7c7b\u578b\u5b57\u6bb5\uff0c\u975edouble\u7c7b\u578b\u8fd4\u56deNULL")),(0,L.yg)("pre",null,(0,L.yg)("code",{parentName:"pre"},'mysql> SELECT id, j, json_extract_double(j, \'$\') FROM test_json ORDER BY id;\n+------+---------------------------------------------------------------+--------------------------------+\n| id   | j                                                             | json_extract_double(`j`, \'$\') |\n+------+---------------------------------------------------------------+--------------------------------+\n|    1 |                                                          NULL |                           NULL |\n|    2 |                                                          null |                           NULL |\n|    3 |                                                          true |                           NULL |\n|    4 |                                                         false |                           NULL |\n|    5 |                                                           100 |                            100 |\n|    6 |                                                         10000 |                          10000 |\n|    7 |                                                    1000000000 |                     1000000000 |\n|    8 |                                           1152921504606846976 |          1.152921504606847e+18 |\n|    9 |                                                          6.18 |                           6.18 |\n|   10 |                                                        "abcd" |                           NULL |\n|   11 |                                                            {} |                           NULL |\n|   12 |                                         {"k1":"v31","k2":300} |                           NULL |\n|   13 |                                                            [] |                           NULL |\n|   14 |                                                     [123,456] |                           NULL |\n|   15 |                                                 ["abc","def"] |                           NULL |\n|   16 |                              [null,true,false,100,6.18,"abc"] |                           NULL |\n|   17 |                            [{"k1":"v41","k2":400},1,"a",3.14] |                           NULL |\n|   18 | {"k1":"v31","k2":300,"a1":[{"k1":"v41","k2":400},1,"a",3.14]} |                           NULL |\n|   26 |                                          {"k1":"v1","k2":200} |                           NULL |\n+------+---------------------------------------------------------------+--------------------------------+\n19 rows in set (0.02 sec)\n\nmysql> SELECT id, j, json_extract_double(j, \'$.k2\') FROM test_json ORDER BY id;\n+------+---------------------------------------------------------------+-----------------------------------+\n| id   | j                                                             | json_extract_double(`j`, \'$.k2\') |\n+------+---------------------------------------------------------------+-----------------------------------+\n|    1 |                                                          NULL |                              NULL |\n|    2 |                                                          null |                              NULL |\n|    3 |                                                          true |                              NULL |\n|    4 |                                                         false |                              NULL |\n|    5 |                                                           100 |                              NULL |\n|    6 |                                                         10000 |                              NULL |\n|    7 |                                                    1000000000 |                              NULL |\n|    8 |                                           1152921504606846976 |                              NULL |\n|    9 |                                                          6.18 |                              NULL |\n|   10 |                                                        "abcd" |                              NULL |\n|   11 |                                                            {} |                              NULL |\n|   12 |                                         {"k1":"v31","k2":300} |                               300 |\n|   13 |                                                            [] |                              NULL |\n|   14 |                                                     [123,456] |                              NULL |\n|   15 |                                                 ["abc","def"] |                              NULL |\n|   16 |                              [null,true,false,100,6.18,"abc"] |                              NULL |\n|   17 |                            [{"k1":"v41","k2":400},1,"a",3.14] |                              NULL |\n|   18 | {"k1":"v31","k2":300,"a1":[{"k1":"v41","k2":400},1,"a",3.14]} |                               300 |\n|   26 |                                          {"k1":"v1","k2":200} |                               200 |\n+------+---------------------------------------------------------------+-----------------------------------+\n19 rows in set (0.03 sec)\n')),(0,L.yg)("ul",null,(0,L.yg)("li",{parentName:"ul"},"json_extract_bool \u83b7\u53d6bool\u7c7b\u578b\u5b57\u6bb5\uff0c\u975ebool\u7c7b\u578b\u8fd4\u56deNULL")),(0,L.yg)("pre",null,(0,L.yg)("code",{parentName:"pre"},'mysql> SELECT id, j, json_extract_bool(j, \'$\') FROM test_json ORDER BY id;\n+------+---------------------------------------------------------------+------------------------------+\n| id   | j                                                             | json_extract_bool(`j`, \'$\') |\n+------+---------------------------------------------------------------+------------------------------+\n|    1 |                                                          NULL |                         NULL |\n|    2 |                                                          null |                         NULL |\n|    3 |                                                          true |                            1 |\n|    4 |                                                         false |                            0 |\n|    5 |                                                           100 |                         NULL |\n|    6 |                                                         10000 |                         NULL |\n|    7 |                                                    1000000000 |                         NULL |\n|    8 |                                           1152921504606846976 |                         NULL |\n|    9 |                                                          6.18 |                         NULL |\n|   10 |                                                        "abcd" |                         NULL |\n|   11 |                                                            {} |                         NULL |\n|   12 |                                         {"k1":"v31","k2":300} |                         NULL |\n|   13 |                                                            [] |                         NULL |\n|   14 |                                                     [123,456] |                         NULL |\n|   15 |                                                 ["abc","def"] |                         NULL |\n|   16 |                              [null,true,false,100,6.18,"abc"] |                         NULL |\n|   17 |                            [{"k1":"v41","k2":400},1,"a",3.14] |                         NULL |\n|   18 | {"k1":"v31","k2":300,"a1":[{"k1":"v41","k2":400},1,"a",3.14]} |                         NULL |\n|   26 |                                          {"k1":"v1","k2":200} |                         NULL |\n+------+---------------------------------------------------------------+------------------------------+\n19 rows in set (0.01 sec)\n\nmysql> SELECT id, j, json_extract_bool(j, \'$[1]\') FROM test_json ORDER BY id;\n+------+---------------------------------------------------------------+---------------------------------+\n| id   | j                                                             | json_extract_bool(`j`, \'$[1]\') |\n+------+---------------------------------------------------------------+---------------------------------+\n|    1 |                                                          NULL |                            NULL |\n|    2 |                                                          null |                            NULL |\n|    3 |                                                          true |                            NULL |\n|    4 |                                                         false |                            NULL |\n|    5 |                                                           100 |                            NULL |\n|    6 |                                                         10000 |                            NULL |\n|    7 |                                                    1000000000 |                            NULL |\n|    8 |                                           1152921504606846976 |                            NULL |\n|    9 |                                                          6.18 |                            NULL |\n|   10 |                                                        "abcd" |                            NULL |\n|   11 |                                                            {} |                            NULL |\n|   12 |                                         {"k1":"v31","k2":300} |                            NULL |\n|   13 |                                                            [] |                            NULL |\n|   14 |                                                     [123,456] |                            NULL |\n|   15 |                                                 ["abc","def"] |                            NULL |\n|   16 |                              [null,true,false,100,6.18,"abc"] |                               1 |\n|   17 |                            [{"k1":"v41","k2":400},1,"a",3.14] |                            NULL |\n|   18 | {"k1":"v31","k2":300,"a1":[{"k1":"v41","k2":400},1,"a",3.14]} |                            NULL |\n|   26 |                                          {"k1":"v1","k2":200} |                            NULL |\n+------+---------------------------------------------------------------+---------------------------------+\n19 rows in set (0.01 sec)\n')),(0,L.yg)("ul",null,(0,L.yg)("li",{parentName:"ul"},"json_extract_isnull \u83b7\u53d6JSON NULL\u7c7b\u578b\u5b57\u6bb5\uff0cnull\u8fd4\u56de1\uff0c\u975enull\u8fd4\u56de0"),(0,L.yg)("li",{parentName:"ul"},"\u9700\u8981\u6ce8\u610f\u7684\u662fJSON NULL\u548cSQL NULL\u4e0d\u4e00\u6837\uff0cSQL NULL\u8868\u793a\u67d0\u4e2a\u5b57\u6bb5\u7684\u503c\u4e0d\u5b58\u5728\uff0c\u800cJSON\u8868\u793a\u503c\u5b58\u5728\u4f46\u662f\u662f\u4e00\u4e2a\u7279\u6b8a\u503cNULL")),(0,L.yg)("pre",null,(0,L.yg)("code",{parentName:"pre"},'mysql> SELECT id, j, json_extract_isnull(j, \'$\') FROM test_json ORDER BY id;\n+------+---------------------------------------------------------------+--------------------------------+\n| id   | j                                                             | json_extract_isnull(`j`, \'$\') |\n+------+---------------------------------------------------------------+--------------------------------+\n|    1 |                                                          NULL |                           NULL |\n|    2 |                                                          null |                              1 |\n|    3 |                                                          true |                              0 |\n|    4 |                                                         false |                              0 |\n|    5 |                                                           100 |                              0 |\n|    6 |                                                         10000 |                              0 |\n|    7 |                                                    1000000000 |                              0 |\n|    8 |                                           1152921504606846976 |                              0 |\n|    9 |                                                          6.18 |                              0 |\n|   10 |                                                        "abcd" |                              0 |\n|   11 |                                                            {} |                              0 |\n|   12 |                                         {"k1":"v31","k2":300} |                              0 |\n|   13 |                                                            [] |                              0 |\n|   14 |                                                     [123,456] |                              0 |\n|   15 |                                                 ["abc","def"] |                              0 |\n|   16 |                              [null,true,false,100,6.18,"abc"] |                              0 |\n|   17 |                            [{"k1":"v41","k2":400},1,"a",3.14] |                              0 |\n|   18 | {"k1":"v31","k2":300,"a1":[{"k1":"v41","k2":400},1,"a",3.14]} |                              0 |\n|   26 |                                          {"k1":"v1","k2":200} |                              0 |\n+------+---------------------------------------------------------------+--------------------------------+\n19 rows in set (0.03 sec)\n\n')),(0,L.yg)("h5",{id:"\u7528json_exists_path\u68c0\u67e5json\u5185\u7684\u67d0\u4e2a\u5b57\u6bb5\u662f\u5426\u5b58\u5728"},"\u7528json_exists_path\u68c0\u67e5json\u5185\u7684\u67d0\u4e2a\u5b57\u6bb5\u662f\u5426\u5b58\u5728"),(0,L.yg)("pre",null,(0,L.yg)("code",{parentName:"pre"},'mysql> SELECT id, j, json_exists_path(j, \'$\') FROM test_json ORDER BY id;\n+------+---------------------------------------------------------------+-----------------------------+\n| id   | j                                                             | json_exists_path(`j`, \'$\') |\n+------+---------------------------------------------------------------+-----------------------------+\n|    1 |                                                          NULL |                        NULL |\n|    2 |                                                          null |                           1 |\n|    3 |                                                          true |                           1 |\n|    4 |                                                         false |                           1 |\n|    5 |                                                           100 |                           1 |\n|    6 |                                                         10000 |                           1 |\n|    7 |                                                    1000000000 |                           1 |\n|    8 |                                           1152921504606846976 |                           1 |\n|    9 |                                                          6.18 |                           1 |\n|   10 |                                                        "abcd" |                           1 |\n|   11 |                                                            {} |                           1 |\n|   12 |                                         {"k1":"v31","k2":300} |                           1 |\n|   13 |                                                            [] |                           1 |\n|   14 |                                                     [123,456] |                           1 |\n|   15 |                                                 ["abc","def"] |                           1 |\n|   16 |                              [null,true,false,100,6.18,"abc"] |                           1 |\n|   17 |                            [{"k1":"v41","k2":400},1,"a",3.14] |                           1 |\n|   18 | {"k1":"v31","k2":300,"a1":[{"k1":"v41","k2":400},1,"a",3.14]} |                           1 |\n|   26 |                                          {"k1":"v1","k2":200} |                           1 |\n+------+---------------------------------------------------------------+-----------------------------+\n19 rows in set (0.02 sec)\n\nmysql> SELECT id, j, json_exists_path(j, \'$.k1\') FROM test_json ORDER BY id;\n+------+---------------------------------------------------------------+--------------------------------+\n| id   | j                                                             | json_exists_path(`j`, \'$.k1\') |\n+------+---------------------------------------------------------------+--------------------------------+\n|    1 |                                                          NULL |                           NULL |\n|    2 |                                                          null |                              0 |\n|    3 |                                                          true |                              0 |\n|    4 |                                                         false |                              0 |\n|    5 |                                                           100 |                              0 |\n|    6 |                                                         10000 |                              0 |\n|    7 |                                                    1000000000 |                              0 |\n|    8 |                                           1152921504606846976 |                              0 |\n|    9 |                                                          6.18 |                              0 |\n|   10 |                                                        "abcd" |                              0 |\n|   11 |                                                            {} |                              0 |\n|   12 |                                         {"k1":"v31","k2":300} |                              1 |\n|   13 |                                                            [] |                              0 |\n|   14 |                                                     [123,456] |                              0 |\n|   15 |                                                 ["abc","def"] |                              0 |\n|   16 |                              [null,true,false,100,6.18,"abc"] |                              0 |\n|   17 |                            [{"k1":"v41","k2":400},1,"a",3.14] |                              0 |\n|   18 | {"k1":"v31","k2":300,"a1":[{"k1":"v41","k2":400},1,"a",3.14]} |                              1 |\n|   26 |                                          {"k1":"v1","k2":200} |                              1 |\n+------+---------------------------------------------------------------+--------------------------------+\n19 rows in set (0.03 sec)\n\nmysql> SELECT id, j, json_exists_path(j, \'$[2]\') FROM test_json ORDER BY id;\n+------+---------------------------------------------------------------+--------------------------------+\n| id   | j                                                             | json_exists_path(`j`, \'$[2]\') |\n+------+---------------------------------------------------------------+--------------------------------+\n|    1 |                                                          NULL |                           NULL |\n|    2 |                                                          null |                              0 |\n|    3 |                                                          true |                              0 |\n|    4 |                                                         false |                              0 |\n|    5 |                                                           100 |                              0 |\n|    6 |                                                         10000 |                              0 |\n|    7 |                                                    1000000000 |                              0 |\n|    8 |                                           1152921504606846976 |                              0 |\n|    9 |                                                          6.18 |                              0 |\n|   10 |                                                        "abcd" |                              0 |\n|   11 |                                                            {} |                              0 |\n|   12 |                                         {"k1":"v31","k2":300} |                              0 |\n|   13 |                                                            [] |                              0 |\n|   14 |                                                     [123,456] |                              0 |\n|   15 |                                                 ["abc","def"] |                              0 |\n|   16 |                              [null,true,false,100,6.18,"abc"] |                              1 |\n|   17 |                            [{"k1":"v41","k2":400},1,"a",3.14] |                              1 |\n|   18 | {"k1":"v31","k2":300,"a1":[{"k1":"v41","k2":400},1,"a",3.14]} |                              0 |\n|   26 |                                          {"k1":"v1","k2":200} |                              0 |\n+------+---------------------------------------------------------------+--------------------------------+\n19 rows in set (0.02 sec)\n\n\n')),(0,L.yg)("h5",{id:"\u7528json_type\u83b7\u53d6json\u5185\u7684\u67d0\u4e2a\u5b57\u6bb5\u7684\u7c7b\u578b"},"\u7528json_type\u83b7\u53d6JSON\u5185\u7684\u67d0\u4e2a\u5b57\u6bb5\u7684\u7c7b\u578b"),(0,L.yg)("ul",null,(0,L.yg)("li",{parentName:"ul"},"\u8fd4\u56dejson path\u5bf9\u5e94\u7684JSON\u5b57\u6bb5\u7c7b\u578b\uff0c\u5982\u679c\u4e0d\u5b58\u5728\u8fd4\u56deNULL")),(0,L.yg)("pre",null,(0,L.yg)("code",{parentName:"pre"},'mysql> SELECT id, j, json_type(j, \'$\') FROM test_json ORDER BY id;\n+------+---------------------------------------------------------------+----------------------+\n| id   | j                                                             | json_type(`j`, \'$\') |\n+------+---------------------------------------------------------------+----------------------+\n|    1 |                                                          NULL | NULL                 |\n|    2 |                                                          null | null                 |\n|    3 |                                                          true | bool                 |\n|    4 |                                                         false | bool                 |\n|    5 |                                                           100 | int                  |\n|    6 |                                                         10000 | int                  |\n|    7 |                                                    1000000000 | int                  |\n|    8 |                                           1152921504606846976 | bigint               |\n|    9 |                                                          6.18 | double               |\n|   10 |                                                        "abcd" | string               |\n|   11 |                                                            {} | object               |\n|   12 |                                         {"k1":"v31","k2":300} | object               |\n|   13 |                                                            [] | array                |\n|   14 |                                                     [123,456] | array                |\n|   15 |                                                 ["abc","def"] | array                |\n|   16 |                              [null,true,false,100,6.18,"abc"] | array                |\n|   17 |                            [{"k1":"v41","k2":400},1,"a",3.14] | array                |\n|   18 | {"k1":"v31","k2":300,"a1":[{"k1":"v41","k2":400},1,"a",3.14]} | object               |\n|   26 |                                          {"k1":"v1","k2":200} | object               |\n+------+---------------------------------------------------------------+----------------------+\n19 rows in set (0.02 sec)\n\nmysql> select id, j, json_type(j, \'$.k1\') from test_json order by id;\n+------+---------------------------------------------------------------+-------------------------+\n| id   | j                                                             | json_type(`j`, \'$.k1\') |\n+------+---------------------------------------------------------------+-------------------------+\n|    1 |                                                          NULL | NULL                    |\n|    2 |                                                          null | NULL                    |\n|    3 |                                                          true | NULL                    |\n|    4 |                                                         false | NULL                    |\n|    5 |                                                           100 | NULL                    |\n|    6 |                                                         10000 | NULL                    |\n|    7 |                                                    1000000000 | NULL                    |\n|    8 |                                           1152921504606846976 | NULL                    |\n|    9 |                                                          6.18 | NULL                    |\n|   10 |                                                        "abcd" | NULL                    |\n|   11 |                                                            {} | NULL                    |\n|   12 |                                         {"k1":"v31","k2":300} | string                  |\n|   13 |                                                            [] | NULL                    |\n|   14 |                                                     [123,456] | NULL                    |\n|   15 |                                                 ["abc","def"] | NULL                    |\n|   16 |                              [null,true,false,100,6.18,"abc"] | NULL                    |\n|   17 |                            [{"k1":"v41","k2":400},1,"a",3.14] | NULL                    |\n|   18 | {"k1":"v31","k2":300,"a1":[{"k1":"v41","k2":400},1,"a",3.14]} | string                  |\n|   26 |                                          {"k1":"v1","k2":200} | string                  |\n+------+---------------------------------------------------------------+-------------------------+\n19 rows in set (0.03 sec)\n\n')),(0,L.yg)("h3",{id:"keywords"},"keywords"),(0,L.yg)("p",null,"JSON, json_parse, json_parse_error_to_null, json_parse_error_to_value, json_extract, json_extract_isnull, json_extract_bool, json_extract_int, json_extract_bigint, json_extract_double, json_extract_String, json_exists_path, json_type"))}c.isMDXComponent=!0}}]);