"use strict";(self.webpackChunkdoris_website=self.webpackChunkdoris_website||[]).push([[763080],{15680:(n,e,t)=>{t.d(e,{xA:()=>d,yg:()=>k});var a=t(296540);function l(n,e,t){return e in n?Object.defineProperty(n,e,{value:t,enumerable:!0,configurable:!0,writable:!0}):n[e]=t,n}function s(n,e){var t=Object.keys(n);if(Object.getOwnPropertySymbols){var a=Object.getOwnPropertySymbols(n);e&&(a=a.filter((function(e){return Object.getOwnPropertyDescriptor(n,e).enumerable}))),t.push.apply(t,a)}return t}function r(n){for(var e=1;e<arguments.length;e++){var t=null!=arguments[e]?arguments[e]:{};e%2?s(Object(t),!0).forEach((function(e){l(n,e,t[e])})):Object.getOwnPropertyDescriptors?Object.defineProperties(n,Object.getOwnPropertyDescriptors(t)):s(Object(t)).forEach((function(e){Object.defineProperty(n,e,Object.getOwnPropertyDescriptor(t,e))}))}return n}function L(n,e){if(null==n)return{};var t,a,l=function(n,e){if(null==n)return{};var t,a,l={},s=Object.keys(n);for(a=0;a<s.length;a++)t=s[a],e.indexOf(t)>=0||(l[t]=n[t]);return l}(n,e);if(Object.getOwnPropertySymbols){var s=Object.getOwnPropertySymbols(n);for(a=0;a<s.length;a++)t=s[a],e.indexOf(t)>=0||Object.prototype.propertyIsEnumerable.call(n,t)&&(l[t]=n[t])}return l}var o=a.createContext({}),i=function(n){var e=a.useContext(o),t=e;return n&&(t="function"==typeof n?n(e):r(r({},e),n)),t},d=function(n){var e=i(n.components);return a.createElement(o.Provider,{value:e},n.children)},N="mdxType",u={inlineCode:"code",wrapper:function(n){var e=n.children;return a.createElement(a.Fragment,{},e)}},c=a.forwardRef((function(n,e){var t=n.components,l=n.mdxType,s=n.originalType,o=n.parentName,d=L(n,["components","mdxType","originalType","parentName"]),N=i(t),c=l,k=N["".concat(o,".").concat(c)]||N[c]||u[c]||s;return t?a.createElement(k,r(r({ref:e},d),{},{components:t})):a.createElement(k,r({ref:e},d))}));function k(n,e){var t=arguments,l=e&&e.mdxType;if("string"==typeof n||l){var s=t.length,r=new Array(s);r[0]=c;var L={};for(var o in e)hasOwnProperty.call(e,o)&&(L[o]=e[o]);L.originalType=n,L[N]="string"==typeof n?n:l,r[1]=L;for(var i=2;i<s;i++)r[i]=t[i];return a.createElement.apply(null,r)}return a.createElement.apply(null,t)}c.displayName="MDXCreateElement"},251970:(n,e,t)=>{t.r(e),t.d(e,{assets:()=>o,contentTitle:()=>r,default:()=>u,frontMatter:()=>s,metadata:()=>L,toc:()=>i});var a=t(58168),l=(t(296540),t(15680));const s={title:"JSON",language:"en"},r=void 0,L={unversionedId:"sql-manual/sql-data-types/semi-structured/JSON",id:"version-3.0/sql-manual/sql-data-types/semi-structured/JSON",title:"JSON",description:"\x3c!--",source:"@site/versioned_docs/version-3.0/sql-manual/sql-data-types/semi-structured/JSON.md",sourceDirName:"sql-manual/sql-data-types/semi-structured",slug:"/sql-manual/sql-data-types/semi-structured/JSON",permalink:"/docs/3.0/sql-manual/sql-data-types/semi-structured/JSON",draft:!1,tags:[],version:"3.0",frontMatter:{title:"JSON",language:"en"},sidebar:"docs",previous:{title:"STRUCT",permalink:"/docs/3.0/sql-manual/sql-data-types/semi-structured/STRUCT"},next:{title:"VARIANT",permalink:"/docs/3.0/sql-manual/sql-data-types/semi-structured/VARIANT"}},o={},i=[{value:"JSON",id:"json",level:2},{value:"Syntax",id:"syntax",level:3},{value:"example",id:"example",level:3},{value:"create database and table",id:"create-database-and-table",level:4},{value:"Load data",id:"load-data",level:4},{value:"stream load test_json.csv test data",id:"stream-load-test_jsoncsv-test-data",level:5},{value:"write data using insert into",id:"write-data-using-insert-into",level:5},{value:"Query",id:"query",level:4},{value:"extract some filed from json by json_extract functions",id:"extract-some-filed-from-json-by-json_extract-functions",level:5},{value:"check if a field is existed in json by json_exists_path",id:"check-if-a-field-is-existed-in-json-by-json_exists_path",level:5},{value:"get the datatype of a field in json by json_type",id:"get-the-datatype-of-a-field-in-json-by-json_type",level:5},{value:"keywords",id:"keywords",level:3}],d={toc:i},N="wrapper";function u(n){let{components:e,...t}=n;return(0,l.yg)(N,(0,a.A)({},d,t,{components:e,mdxType:"MDXLayout"}),(0,l.yg)("h2",{id:"json"},"JSON"),(0,l.yg)("p",null,"The JSON data type stores ",(0,l.yg)("a",{parentName:"p",href:"https://www.rfc-editor.org/rfc/rfc8785"},"JSON")," data efficiently in a binary format and allows access to its internal fields through JSON functions."),(0,l.yg)("p",null,"By default, it supports up to 1048576 bytes (1MB), and can be increased up to 2147483643 bytes (2GB). This can be adjusted via the ",(0,l.yg)("inlineCode",{parentName:"p"},"string_type_length_soft_limit_bytes")," configuration."),(0,l.yg)("p",null,"Compared to storing JSON strings in a regular STRING type, the JSON type has two main advantages:"),(0,l.yg)("ol",null,(0,l.yg)("li",{parentName:"ol"},"JSON format validation during data insertion."),(0,l.yg)("li",{parentName:"ol"},"More efficient binary storage format, enabling faster access to JSON internal fields using functions like ",(0,l.yg)("inlineCode",{parentName:"li"},"json_extract"),", compared to ",(0,l.yg)("inlineCode",{parentName:"li"},"get_json_xx")," functions.")),(0,l.yg)("p",null,(0,l.yg)("strong",{parentName:"p"},"Note"),": In version 1.2.x, the JSON type was named JSONB. To maintain compatibility with MySQL, it was renamed to JSON starting from version 2.0.0. Older tables can still use the previous name."),(0,l.yg)("h3",{id:"syntax"},"Syntax"),(0,l.yg)("p",null,(0,l.yg)("strong",{parentName:"p"},"Definition:")),(0,l.yg)("pre",null,(0,l.yg)("code",{parentName:"pre",className:"language-sql"},"json_column_name JSON\n")),(0,l.yg)("p",null,(0,l.yg)("strong",{parentName:"p"},"Insertion:")),(0,l.yg)("ul",null,(0,l.yg)("li",{parentName:"ul"},"Using ",(0,l.yg)("inlineCode",{parentName:"li"},"INSERT INTO VALUES")," with the format as a string surrounded by quotes. For example:")),(0,l.yg)("pre",null,(0,l.yg)("code",{parentName:"pre",className:"language-sql"},'INSERT INTO table_name(id, json_column_name) VALUES (1, \'{"k1": "100"}\')\n')),(0,l.yg)("ul",null,(0,l.yg)("li",{parentName:"ul"},"For STREAM LOAD, the format for the corresponding column is a string without additional quotes. For example:")),(0,l.yg)("pre",null,(0,l.yg)("code",{parentName:"pre"},'12  {"k1":"v31", "k2": 300}\n13  []\n14  [123, 456]\n')),(0,l.yg)("p",null,(0,l.yg)("strong",{parentName:"p"},"Query:")),(0,l.yg)("ul",null,(0,l.yg)("li",{parentName:"ul"},"Directly select the entire JSON column:")),(0,l.yg)("pre",null,(0,l.yg)("code",{parentName:"pre",className:"language-sql"},"SELECT json_column_name FROM table_name;\n")),(0,l.yg)("ul",null,(0,l.yg)("li",{parentName:"ul"},"Extract specific fields or other information from JSON using JSON functions. For example:")),(0,l.yg)("pre",null,(0,l.yg)("code",{parentName:"pre",className:"language-sql"},"SELECT json_extract(json_column_name, '$.k1') FROM table_name;\n")),(0,l.yg)("ul",null,(0,l.yg)("li",{parentName:"ul"},"The JSON type can be cast to and from integers, strings, BOOLEAN, ARRAY, and MAP. For example:")),(0,l.yg)("pre",null,(0,l.yg)("code",{parentName:"pre",className:"language-sql"},"SELECT CAST('{\"k1\": \"100\"}' AS JSON);\nSELECT CAST(json_column_name AS STRING) FROM table_name;\nSELECT CAST(json_extract(json_column_name, '$.k1') AS INT) FROM table_name;\n")),(0,l.yg)("admonition",{type:"tip"},(0,l.yg)("p",{parentName:"admonition"},"The JSON type currently cannot be used for ",(0,l.yg)("inlineCode",{parentName:"p"},"GROUP BY"),", ",(0,l.yg)("inlineCode",{parentName:"p"},"ORDER BY"),", or comparison operations.")),(0,l.yg)("h3",{id:"example"},"example"),(0,l.yg)("p",null,"A tutorial for JSON datatype including create table, load data and query."),(0,l.yg)("h4",{id:"create-database-and-table"},"create database and table"),(0,l.yg)("pre",null,(0,l.yg)("code",{parentName:"pre"},'CREATE DATABASE testdb;\n\nUSE testdb;\n\nCREATE TABLE test_json (\n  id INT,\n  j JSON\n)\nDUPLICATE KEY(id)\nDISTRIBUTED BY HASH(id) BUCKETS 10\nPROPERTIES("replication_num" = "1");\n')),(0,l.yg)("h4",{id:"load-data"},"Load data"),(0,l.yg)("h5",{id:"stream-load-test_jsoncsv-test-data"},"stream load test_json.csv test data"),(0,l.yg)("ul",null,(0,l.yg)("li",{parentName:"ul"},"there are 2 columns, the 1st column is id and the 2nd column is json string"),(0,l.yg)("li",{parentName:"ul"},"there are 25 rows, the first 18 rows are valid json and the last 7 rows are invalid")),(0,l.yg)("pre",null,(0,l.yg)("code",{parentName:"pre"},'1   \\N\n2   null\n3   true\n4   false\n5   100\n6   10000\n7   1000000000\n8   1152921504606846976\n9   6.18\n10  "abcd"\n11  {}\n12  {"k1":"v31", "k2": 300}\n13  []\n14  [123, 456]\n15  ["abc", "def"]\n16  [null, true, false, 100, 6.18, "abc"]\n17  [{"k1":"v41", "k2": 400}, 1, "a", 3.14]\n18  {"k1":"v31", "k2": 300, "a1": [{"k1":"v41", "k2": 400}, 1, "a", 3.14]}\n19  \'\'\n20  \'abc\'\n21  abc\n22  100x\n23  6.a8\n24  {x\n25  [123, abc]\n')),(0,l.yg)("ul",null,(0,l.yg)("li",{parentName:"ul"},'due to the 28% of rows is invalid\uff0cstream load with default configuration will fail with error message "too many filtered rows"')),(0,l.yg)("pre",null,(0,l.yg)("code",{parentName:"pre"},'curl --location-trusted -u root: -T test_json.csv http://127.0.0.1:8840/api/testdb/test_json/_stream_load\n{\n    "TxnId": 12019,\n    "Label": "744d9821-9c9f-43dc-bf3b-7ab048f14e32",\n    "TwoPhaseCommit": "false",\n    "Status": "Fail",\n    "Message": "too many filtered rows",\n    "NumberTotalRows": 25,\n    "NumberLoadedRows": 18,\n    "NumberFilteredRows": 7,\n    "NumberUnselectedRows": 0,\n    "LoadBytes": 380,\n    "LoadTimeMs": 48,\n    "BeginTxnTimeMs": 0,\n    "StreamLoadPutTimeMs": 1,\n    "ReadDataTimeMs": 0,\n    "WriteDataTimeMs": 45,\n    "CommitAndPublishTimeMs": 0,\n    "ErrorURL": "http://172.21.0.5:8840/api/_load_error_log?file=__shard_2/error_log_insert_stmt_95435c4bf5f156df-426735082a9296af_95435c4bf5f156df_426735082a9296af"\n}\n')),(0,l.yg)("ul",null,(0,l.yg)("li",{parentName:"ul"},"stream load will success after set header configuration 'max_filter_ratio: 0.3'")),(0,l.yg)("pre",null,(0,l.yg)("code",{parentName:"pre"},'curl --location-trusted -u root: -H \'max_filter_ratio: 0.3\' -T test_json.csv http://127.0.0.1:8840/api/testdb/test_json/_stream_load\n{\n    "TxnId": 12017,\n    "Label": "f37a50c1-43e9-4f4e-a159-a3db6abe2579",\n    "TwoPhaseCommit": "false",\n    "Status": "Success",\n    "Message": "OK",\n    "NumberTotalRows": 25,\n    "NumberLoadedRows": 18,\n    "NumberFilteredRows": 7,\n    "NumberUnselectedRows": 0,\n    "LoadBytes": 380,\n    "LoadTimeMs": 68,\n    "BeginTxnTimeMs": 0,\n    "StreamLoadPutTimeMs": 2,\n    "ReadDataTimeMs": 0,\n    "WriteDataTimeMs": 45,\n    "CommitAndPublishTimeMs": 19,\n    "ErrorURL": "http://172.21.0.5:8840/api/_load_error_log?file=__shard_0/error_log_insert_stmt_a1463f98a7b15caf-c79399b920f5bfa3_a1463f98a7b15caf_c79399b920f5bfa3"\n}\n')),(0,l.yg)("ul",null,(0,l.yg)("li",{parentName:"ul"},"use SELECT to view the data loaded by stream load. The column with JSON type will be displayed as plain JSON string.")),(0,l.yg)("pre",null,(0,l.yg)("code",{parentName:"pre"},'mysql> SELECT * FROM test_json ORDER BY id;\n+------+---------------------------------------------------------------+\n| id   | j                                                             |\n+------+---------------------------------------------------------------+\n|    1 |                                                          NULL |\n|    2 |                                                          null |\n|    3 |                                                          true |\n|    4 |                                                         false |\n|    5 |                                                           100 |\n|    6 |                                                         10000 |\n|    7 |                                                    1000000000 |\n|    8 |                                           1152921504606846976 |\n|    9 |                                                          6.18 |\n|   10 |                                                        "abcd" |\n|   11 |                                                            {} |\n|   12 |                                         {"k1":"v31","k2":300} |\n|   13 |                                                            [] |\n|   14 |                                                     [123,456] |\n|   15 |                                                 ["abc","def"] |\n|   16 |                              [null,true,false,100,6.18,"abc"] |\n|   17 |                            [{"k1":"v41","k2":400},1,"a",3.14] |\n|   18 | {"k1":"v31","k2":300,"a1":[{"k1":"v41","k2":400},1,"a",3.14]} |\n+------+---------------------------------------------------------------+\n18 rows in set (0.03 sec)\n\n')),(0,l.yg)("h5",{id:"write-data-using-insert-into"},"write data using insert into"),(0,l.yg)("ul",null,(0,l.yg)("li",{parentName:"ul"},"total rows increae from 18 to 19 after insert 1 row")),(0,l.yg)("pre",null,(0,l.yg)("code",{parentName:"pre"},'mysql> INSERT INTO test_json VALUES(26, \'{"k1":"v1", "k2": 200}\');\nQuery OK, 1 row affected (0.09 sec)\n{\'label\':\'insert_4ece6769d1b42fd_ac9f25b3b8f3dc02\', \'status\':\'VISIBLE\', \'txnId\':\'12016\'}\n\nmysql> SELECT * FROM test_json ORDER BY id;\n+------+---------------------------------------------------------------+\n| id   | j                                                             |\n+------+---------------------------------------------------------------+\n|    1 |                                                          NULL |\n|    2 |                                                          null |\n|    3 |                                                          true |\n|    4 |                                                         false |\n|    5 |                                                           100 |\n|    6 |                                                         10000 |\n|    7 |                                                    1000000000 |\n|    8 |                                           1152921504606846976 |\n|    9 |                                                          6.18 |\n|   10 |                                                        "abcd" |\n|   11 |                                                            {} |\n|   12 |                                         {"k1":"v31","k2":300} |\n|   13 |                                                            [] |\n|   14 |                                                     [123,456] |\n|   15 |                                                 ["abc","def"] |\n|   16 |                              [null,true,false,100,6.18,"abc"] |\n|   17 |                            [{"k1":"v41","k2":400},1,"a",3.14] |\n|   18 | {"k1":"v31","k2":300,"a1":[{"k1":"v41","k2":400},1,"a",3.14]} |\n|   26 |                                          {"k1":"v1","k2":200} |\n+------+---------------------------------------------------------------+\n19 rows in set (0.03 sec)\n\n')),(0,l.yg)("h4",{id:"query"},"Query"),(0,l.yg)("h5",{id:"extract-some-filed-from-json-by-json_extract-functions"},"extract some filed from json by json_extract functions"),(0,l.yg)("ol",null,(0,l.yg)("li",{parentName:"ol"},"extract the whole json, '$' stands for root in json path")),(0,l.yg)("pre",null,(0,l.yg)("code",{parentName:"pre"},'+------+---------------------------------------------------------------+---------------------------------------------------------------+\n| id   | j                                                             | json_extract(`j`, \'$\')                                       |\n+------+---------------------------------------------------------------+---------------------------------------------------------------+\n|    1 |                                                          NULL |                                                          NULL |\n|    2 |                                                          null |                                                          null |\n|    3 |                                                          true |                                                          true |\n|    4 |                                                         false |                                                         false |\n|    5 |                                                           100 |                                                           100 |\n|    6 |                                                         10000 |                                                         10000 |\n|    7 |                                                    1000000000 |                                                    1000000000 |\n|    8 |                                           1152921504606846976 |                                           1152921504606846976 |\n|    9 |                                                          6.18 |                                                          6.18 |\n|   10 |                                                        "abcd" |                                                        "abcd" |\n|   11 |                                                            {} |                                                            {} |\n|   12 |                                         {"k1":"v31","k2":300} |                                         {"k1":"v31","k2":300} |\n|   13 |                                                            [] |                                                            [] |\n|   14 |                                                     [123,456] |                                                     [123,456] |\n|   15 |                                                 ["abc","def"] |                                                 ["abc","def"] |\n|   16 |                              [null,true,false,100,6.18,"abc"] |                              [null,true,false,100,6.18,"abc"] |\n|   17 |                            [{"k1":"v41","k2":400},1,"a",3.14] |                            [{"k1":"v41","k2":400},1,"a",3.14] |\n|   18 | {"k1":"v31","k2":300,"a1":[{"k1":"v41","k2":400},1,"a",3.14]} | {"k1":"v31","k2":300,"a1":[{"k1":"v41","k2":400},1,"a",3.14]} |\n|   26 |                                          {"k1":"v1","k2":200} |                                          {"k1":"v1","k2":200} |\n+------+---------------------------------------------------------------+---------------------------------------------------------------+\n19 rows in set (0.03 sec)\n')),(0,l.yg)("ol",null,(0,l.yg)("li",{parentName:"ol"},"extract k1 field, return NULL if it does not exist")),(0,l.yg)("pre",null,(0,l.yg)("code",{parentName:"pre"},'mysql> SELECT id, j, json_extract(j, \'$.k1\') FROM test_json ORDER BY id;\n+------+---------------------------------------------------------------+----------------------------+\n| id   | j                                                             | json_extract(`j`, \'$.k1\') |\n+------+---------------------------------------------------------------+----------------------------+\n|    1 |                                                          NULL |                       NULL |\n|    2 |                                                          null |                       NULL |\n|    3 |                                                          true |                       NULL |\n|    4 |                                                         false |                       NULL |\n|    5 |                                                           100 |                       NULL |\n|    6 |                                                         10000 |                       NULL |\n|    7 |                                                    1000000000 |                       NULL |\n|    8 |                                           1152921504606846976 |                       NULL |\n|    9 |                                                          6.18 |                       NULL |\n|   10 |                                                        "abcd" |                       NULL |\n|   11 |                                                            {} |                       NULL |\n|   12 |                                         {"k1":"v31","k2":300} |                      "v31" |\n|   13 |                                                            [] |                       NULL |\n|   14 |                                                     [123,456] |                       NULL |\n|   15 |                                                 ["abc","def"] |                       NULL |\n|   16 |                              [null,true,false,100,6.18,"abc"] |                       NULL |\n|   17 |                            [{"k1":"v41","k2":400},1,"a",3.14] |                       NULL |\n|   18 | {"k1":"v31","k2":300,"a1":[{"k1":"v41","k2":400},1,"a",3.14]} |                      "v31" |\n|   26 |                                          {"k1":"v1","k2":200} |                       "v1" |\n+------+---------------------------------------------------------------+----------------------------+\n19 rows in set (0.03 sec)\n')),(0,l.yg)("ol",null,(0,l.yg)("li",{parentName:"ol"},"extract element 0 of the top level array")),(0,l.yg)("pre",null,(0,l.yg)("code",{parentName:"pre"},'mysql> SELECT id, j, json_extract(j, \'$[0]\') FROM test_json ORDER BY id;\n+------+---------------------------------------------------------------+----------------------------+\n| id   | j                                                             | json_extract(`j`, \'$[0]\') |\n+------+---------------------------------------------------------------+----------------------------+\n|    1 |                                                          NULL |                       NULL |\n|    2 |                                                          null |                       NULL |\n|    3 |                                                          true |                       NULL |\n|    4 |                                                         false |                       NULL |\n|    5 |                                                           100 |                       NULL |\n|    6 |                                                         10000 |                       NULL |\n|    7 |                                                    1000000000 |                       NULL |\n|    8 |                                           1152921504606846976 |                       NULL |\n|    9 |                                                          6.18 |                       NULL |\n|   10 |                                                        "abcd" |                       NULL |\n|   11 |                                                            {} |                       NULL |\n|   12 |                                         {"k1":"v31","k2":300} |                       NULL |\n|   13 |                                                            [] |                       NULL |\n|   14 |                                                     [123,456] |                        123 |\n|   15 |                                                 ["abc","def"] |                      "abc" |\n|   16 |                              [null,true,false,100,6.18,"abc"] |                       null |\n|   17 |                            [{"k1":"v41","k2":400},1,"a",3.14] |      {"k1":"v41","k2":400} |\n|   18 | {"k1":"v31","k2":300,"a1":[{"k1":"v41","k2":400},1,"a",3.14]} |                       NULL |\n|   26 |                                          {"k1":"v1","k2":200} |                       NULL |\n+------+---------------------------------------------------------------+----------------------------+\n19 rows in set (0.03 sec)\n')),(0,l.yg)("ol",null,(0,l.yg)("li",{parentName:"ol"},"extract a whole json array of name a1")),(0,l.yg)("pre",null,(0,l.yg)("code",{parentName:"pre"},'mysql> SELECT id, j, json_extract(j, \'$.a1\') FROM test_json ORDER BY id;\n+------+---------------------------------------------------------------+------------------------------------+\n| id   | j                                                             | json_extract(`j`, \'$.a1\')         |\n+------+---------------------------------------------------------------+------------------------------------+\n|    1 |                                                          NULL |                               NULL |\n|    2 |                                                          null |                               NULL |\n|    3 |                                                          true |                               NULL |\n|    4 |                                                         false |                               NULL |\n|    5 |                                                           100 |                               NULL |\n|    6 |                                                         10000 |                               NULL |\n|    7 |                                                    1000000000 |                               NULL |\n|    8 |                                           1152921504606846976 |                               NULL |\n|    9 |                                                          6.18 |                               NULL |\n|   10 |                                                        "abcd" |                               NULL |\n|   11 |                                                            {} |                               NULL |\n|   12 |                                         {"k1":"v31","k2":300} |                               NULL |\n|   13 |                                                            [] |                               NULL |\n|   14 |                                                     [123,456] |                               NULL |\n|   15 |                                                 ["abc","def"] |                               NULL |\n|   16 |                              [null,true,false,100,6.18,"abc"] |                               NULL |\n|   17 |                            [{"k1":"v41","k2":400},1,"a",3.14] |                               NULL |\n|   18 | {"k1":"v31","k2":300,"a1":[{"k1":"v41","k2":400},1,"a",3.14]} | [{"k1":"v41","k2":400},1,"a",3.14] |\n|   26 |                                          {"k1":"v1","k2":200} |                               NULL |\n+------+---------------------------------------------------------------+------------------------------------+\n19 rows in set (0.02 sec)\n')),(0,l.yg)("ol",null,(0,l.yg)("li",{parentName:"ol"},"extract nested field from an object in an array")),(0,l.yg)("pre",null,(0,l.yg)("code",{parentName:"pre"},'mysql> SELECT id, j, json_extract(j, \'$.a1[0]\'), json_extract(j, \'$.a1[0].k1\') FROM test_json ORDER BY id;\n+------+---------------------------------------------------------------+-------------------------------+----------------------------------+\n| id   | j                                                             | json_extract(`j`, \'$.a1[0]\') | json_extract(`j`, \'$.a1[0].k1\') |\n+------+---------------------------------------------------------------+-------------------------------+----------------------------------+\n|    1 |                                                          NULL |                          NULL |                             NULL |\n|    2 |                                                          null |                          NULL |                             NULL |\n|    3 |                                                          true |                          NULL |                             NULL |\n|    4 |                                                         false |                          NULL |                             NULL |\n|    5 |                                                           100 |                          NULL |                             NULL |\n|    6 |                                                         10000 |                          NULL |                             NULL |\n|    7 |                                                    1000000000 |                          NULL |                             NULL |\n|    8 |                                           1152921504606846976 |                          NULL |                             NULL |\n|    9 |                                                          6.18 |                          NULL |                             NULL |\n|   10 |                                                        "abcd" |                          NULL |                             NULL |\n|   11 |                                                            {} |                          NULL |                             NULL |\n|   12 |                                         {"k1":"v31","k2":300} |                          NULL |                             NULL |\n|   13 |                                                            [] |                          NULL |                             NULL |\n|   14 |                                                     [123,456] |                          NULL |                             NULL |\n|   15 |                                                 ["abc","def"] |                          NULL |                             NULL |\n|   16 |                              [null,true,false,100,6.18,"abc"] |                          NULL |                             NULL |\n|   17 |                            [{"k1":"v41","k2":400},1,"a",3.14] |                          NULL |                             NULL |\n|   18 | {"k1":"v31","k2":300,"a1":[{"k1":"v41","k2":400},1,"a",3.14]} |         {"k1":"v41","k2":400} |                            "v41" |\n|   26 |                                          {"k1":"v1","k2":200} |                          NULL |                             NULL |\n+------+---------------------------------------------------------------+-------------------------------+----------------------------------+\n19 rows in set (0.02 sec)\n\n')),(0,l.yg)("ol",null,(0,l.yg)("li",{parentName:"ol"},"extract field with specific datatype")),(0,l.yg)("ul",null,(0,l.yg)("li",{parentName:"ul"},"json_extract_string will extract field with string type\uff0cconvert to string if the field is not string")),(0,l.yg)("pre",null,(0,l.yg)("code",{parentName:"pre"},'mysql> SELECT id, j, json_extract_string(j, \'$\') FROM test_json ORDER BY id;\n+------+---------------------------------------------------------------+---------------------------------------------------------------+\n| id   | j                                                             | json_extract_string(`j`, \'$\')                                |\n+------+---------------------------------------------------------------+---------------------------------------------------------------+\n|    1 | NULL                                                          | NULL                                                          |\n|    2 | null                                                          | null                                                          |\n|    3 | true                                                          | true                                                          |\n|    4 | false                                                         | false                                                         |\n|    5 | 100                                                           | 100                                                           |\n|    6 | 10000                                                         | 10000                                                         |\n|    7 | 1000000000                                                    | 1000000000                                                    |\n|    8 | 1152921504606846976                                           | 1152921504606846976                                           |\n|    9 | 6.18                                                          | 6.18                                                          |\n|   10 | "abcd"                                                        | abcd                                                          |\n|   11 | {}                                                            | {}                                                            |\n|   12 | {"k1":"v31","k2":300}                                         | {"k1":"v31","k2":300}                                         |\n|   13 | []                                                            | []                                                            |\n|   14 | [123,456]                                                     | [123,456]                                                     |\n|   15 | ["abc","def"]                                                 | ["abc","def"]                                                 |\n|   16 | [null,true,false,100,6.18,"abc"]                              | [null,true,false,100,6.18,"abc"]                              |\n|   17 | [{"k1":"v41","k2":400},1,"a",3.14]                            | [{"k1":"v41","k2":400},1,"a",3.14]                            |\n|   18 | {"k1":"v31","k2":300,"a1":[{"k1":"v41","k2":400},1,"a",3.14]} | {"k1":"v31","k2":300,"a1":[{"k1":"v41","k2":400},1,"a",3.14]} |\n|   26 | {"k1":"v1","k2":200}                                          | {"k1":"v1","k2":200}                                          |\n+------+---------------------------------------------------------------+---------------------------------------------------------------+\n19 rows in set (0.02 sec)\n\nmysql> SELECT id, j, json_extract_string(j, \'$.k1\') FROM test_json ORDER BY id;\n+------+---------------------------------------------------------------+-----------------------------------+\n| id   | j                                                             | json_extract_string(`j`, \'$.k1\') |\n+------+---------------------------------------------------------------+-----------------------------------+\n|    1 |                                                          NULL | NULL                              |\n|    2 |                                                          null | NULL                              |\n|    3 |                                                          true | NULL                              |\n|    4 |                                                         false | NULL                              |\n|    5 |                                                           100 | NULL                              |\n|    6 |                                                         10000 | NULL                              |\n|    7 |                                                    1000000000 | NULL                              |\n|    8 |                                           1152921504606846976 | NULL                              |\n|    9 |                                                          6.18 | NULL                              |\n|   10 |                                                        "abcd" | NULL                              |\n|   11 |                                                            {} | NULL                              |\n|   12 |                                         {"k1":"v31","k2":300} | v31                               |\n|   13 |                                                            [] | NULL                              |\n|   14 |                                                     [123,456] | NULL                              |\n|   15 |                                                 ["abc","def"] | NULL                              |\n|   16 |                              [null,true,false,100,6.18,"abc"] | NULL                              |\n|   17 |                            [{"k1":"v41","k2":400},1,"a",3.14] | NULL                              |\n|   18 | {"k1":"v31","k2":300,"a1":[{"k1":"v41","k2":400},1,"a",3.14]} | v31                               |\n|   26 |                                          {"k1":"v1","k2":200} | v1                                |\n+------+---------------------------------------------------------------+-----------------------------------+\n19 rows in set (0.03 sec)\n\n')),(0,l.yg)("ul",null,(0,l.yg)("li",{parentName:"ul"},"json_extract_int will extract field with int type\uff0creturn NULL if the field is not int")),(0,l.yg)("pre",null,(0,l.yg)("code",{parentName:"pre"},'mysql> SELECT id, j, json_extract_int(j, \'$\') FROM test_json ORDER BY id;\n+------+---------------------------------------------------------------+-----------------------------+\n| id   | j                                                             | json_extract_int(`j`, \'$\') |\n+------+---------------------------------------------------------------+-----------------------------+\n|    1 |                                                          NULL |                        NULL |\n|    2 |                                                          null |                        NULL |\n|    3 |                                                          true |                        NULL |\n|    4 |                                                         false |                        NULL |\n|    5 |                                                           100 |                         100 |\n|    6 |                                                         10000 |                       10000 |\n|    7 |                                                    1000000000 |                  1000000000 |\n|    8 |                                           1152921504606846976 |                        NULL |\n|    9 |                                                          6.18 |                        NULL |\n|   10 |                                                        "abcd" |                        NULL |\n|   11 |                                                            {} |                        NULL |\n|   12 |                                         {"k1":"v31","k2":300} |                        NULL |\n|   13 |                                                            [] |                        NULL |\n|   14 |                                                     [123,456] |                        NULL |\n|   15 |                                                 ["abc","def"] |                        NULL |\n|   16 |                              [null,true,false,100,6.18,"abc"] |                        NULL |\n|   17 |                            [{"k1":"v41","k2":400},1,"a",3.14] |                        NULL |\n|   18 | {"k1":"v31","k2":300,"a1":[{"k1":"v41","k2":400},1,"a",3.14]} |                        NULL |\n|   26 |                                          {"k1":"v1","k2":200} |                        NULL |\n+------+---------------------------------------------------------------+-----------------------------+\n19 rows in set (0.02 sec)\n\nmysql> SELECT id, j, json_extract_int(j, \'$.k2\') FROM test_json ORDER BY id;\n+------+---------------------------------------------------------------+--------------------------------+\n| id   | j                                                             | json_extract_int(`j`, \'$.k2\') |\n+------+---------------------------------------------------------------+--------------------------------+\n|    1 |                                                          NULL |                           NULL |\n|    2 |                                                          null |                           NULL |\n|    3 |                                                          true |                           NULL |\n|    4 |                                                         false |                           NULL |\n|    5 |                                                           100 |                           NULL |\n|    6 |                                                         10000 |                           NULL |\n|    7 |                                                    1000000000 |                           NULL |\n|    8 |                                           1152921504606846976 |                           NULL |\n|    9 |                                                          6.18 |                           NULL |\n|   10 |                                                        "abcd" |                           NULL |\n|   11 |                                                            {} |                           NULL |\n|   12 |                                         {"k1":"v31","k2":300} |                            300 |\n|   13 |                                                            [] |                           NULL |\n|   14 |                                                     [123,456] |                           NULL |\n|   15 |                                                 ["abc","def"] |                           NULL |\n|   16 |                              [null,true,false,100,6.18,"abc"] |                           NULL |\n|   17 |                            [{"k1":"v41","k2":400},1,"a",3.14] |                           NULL |\n|   18 | {"k1":"v31","k2":300,"a1":[{"k1":"v41","k2":400},1,"a",3.14]} |                            300 |\n|   26 |                                          {"k1":"v1","k2":200} |                            200 |\n+------+---------------------------------------------------------------+--------------------------------+\n19 rows in set (0.03 sec)\n')),(0,l.yg)("ul",null,(0,l.yg)("li",{parentName:"ul"},"json_extract_bigint will extract field with bigint type\uff0creturn NULL if the field is not bigint")),(0,l.yg)("pre",null,(0,l.yg)("code",{parentName:"pre"},'mysql> SELECT id, j, json_extract_bigint(j, \'$\') FROM test_json ORDER BY id;\n+------+---------------------------------------------------------------+--------------------------------+\n| id   | j                                                             | json_extract_bigint(`j`, \'$\') |\n+------+---------------------------------------------------------------+--------------------------------+\n|    1 |                                                          NULL |                           NULL |\n|    2 |                                                          null |                           NULL |\n|    3 |                                                          true |                           NULL |\n|    4 |                                                         false |                           NULL |\n|    5 |                                                           100 |                            100 |\n|    6 |                                                         10000 |                          10000 |\n|    7 |                                                    1000000000 |                     1000000000 |\n|    8 |                                           1152921504606846976 |            1152921504606846976 |\n|    9 |                                                          6.18 |                           NULL |\n|   10 |                                                        "abcd" |                           NULL |\n|   11 |                                                            {} |                           NULL |\n|   12 |                                         {"k1":"v31","k2":300} |                           NULL |\n|   13 |                                                            [] |                           NULL |\n|   14 |                                                     [123,456] |                           NULL |\n|   15 |                                                 ["abc","def"] |                           NULL |\n|   16 |                              [null,true,false,100,6.18,"abc"] |                           NULL |\n|   17 |                            [{"k1":"v41","k2":400},1,"a",3.14] |                           NULL |\n|   18 | {"k1":"v31","k2":300,"a1":[{"k1":"v41","k2":400},1,"a",3.14]} |                           NULL |\n|   26 |                                          {"k1":"v1","k2":200} |                           NULL |\n+------+---------------------------------------------------------------+--------------------------------+\n19 rows in set (0.03 sec)\n\nmysql> SELECT id, j, json_extract_bigint(j, \'$.k2\') FROM test_json ORDER BY id;\n+------+---------------------------------------------------------------+-----------------------------------+\n| id   | j                                                             | json_extract_bigint(`j`, \'$.k2\') |\n+------+---------------------------------------------------------------+-----------------------------------+\n|    1 |                                                          NULL |                              NULL |\n|    2 |                                                          null |                              NULL |\n|    3 |                                                          true |                              NULL |\n|    4 |                                                         false |                              NULL |\n|    5 |                                                           100 |                              NULL |\n|    6 |                                                         10000 |                              NULL |\n|    7 |                                                    1000000000 |                              NULL |\n|    8 |                                           1152921504606846976 |                              NULL |\n|    9 |                                                          6.18 |                              NULL |\n|   10 |                                                        "abcd" |                              NULL |\n|   11 |                                                            {} |                              NULL |\n|   12 |                                         {"k1":"v31","k2":300} |                               300 |\n|   13 |                                                            [] |                              NULL |\n|   14 |                                                     [123,456] |                              NULL |\n|   15 |                                                 ["abc","def"] |                              NULL |\n|   16 |                              [null,true,false,100,6.18,"abc"] |                              NULL |\n|   17 |                            [{"k1":"v41","k2":400},1,"a",3.14] |                              NULL |\n|   18 | {"k1":"v31","k2":300,"a1":[{"k1":"v41","k2":400},1,"a",3.14]} |                               300 |\n|   26 |                                          {"k1":"v1","k2":200} |                               200 |\n+------+---------------------------------------------------------------+-----------------------------------+\n19 rows in set (0.02 sec)\n\n')),(0,l.yg)("ul",null,(0,l.yg)("li",{parentName:"ul"},"json_extract_double will extract field with double type\uff0creturn NULL if the field is not double")),(0,l.yg)("pre",null,(0,l.yg)("code",{parentName:"pre"},'mysql> SELECT id, j, json_extract_double(j, \'$\') FROM test_json ORDER BY id;\n+------+---------------------------------------------------------------+--------------------------------+\n| id   | j                                                             | json_extract_double(`j`, \'$\') |\n+------+---------------------------------------------------------------+--------------------------------+\n|    1 |                                                          NULL |                           NULL |\n|    2 |                                                          null |                           NULL |\n|    3 |                                                          true |                           NULL |\n|    4 |                                                         false |                           NULL |\n|    5 |                                                           100 |                            100 |\n|    6 |                                                         10000 |                          10000 |\n|    7 |                                                    1000000000 |                     1000000000 |\n|    8 |                                           1152921504606846976 |          1.152921504606847e+18 |\n|    9 |                                                          6.18 |                           6.18 |\n|   10 |                                                        "abcd" |                           NULL |\n|   11 |                                                            {} |                           NULL |\n|   12 |                                         {"k1":"v31","k2":300} |                           NULL |\n|   13 |                                                            [] |                           NULL |\n|   14 |                                                     [123,456] |                           NULL |\n|   15 |                                                 ["abc","def"] |                           NULL |\n|   16 |                              [null,true,false,100,6.18,"abc"] |                           NULL |\n|   17 |                            [{"k1":"v41","k2":400},1,"a",3.14] |                           NULL |\n|   18 | {"k1":"v31","k2":300,"a1":[{"k1":"v41","k2":400},1,"a",3.14]} |                           NULL |\n|   26 |                                          {"k1":"v1","k2":200} |                           NULL |\n+------+---------------------------------------------------------------+--------------------------------+\n19 rows in set (0.02 sec)\n\nmysql> SELECT id, j, json_extract_double(j, \'$.k2\') FROM test_json ORDER BY id;\n+------+---------------------------------------------------------------+-----------------------------------+\n| id   | j                                                             | json_extract_double(`j`, \'$.k2\') |\n+------+---------------------------------------------------------------+-----------------------------------+\n|    1 |                                                          NULL |                              NULL |\n|    2 |                                                          null |                              NULL |\n|    3 |                                                          true |                              NULL |\n|    4 |                                                         false |                              NULL |\n|    5 |                                                           100 |                              NULL |\n|    6 |                                                         10000 |                              NULL |\n|    7 |                                                    1000000000 |                              NULL |\n|    8 |                                           1152921504606846976 |                              NULL |\n|    9 |                                                          6.18 |                              NULL |\n|   10 |                                                        "abcd" |                              NULL |\n|   11 |                                                            {} |                              NULL |\n|   12 |                                         {"k1":"v31","k2":300} |                               300 |\n|   13 |                                                            [] |                              NULL |\n|   14 |                                                     [123,456] |                              NULL |\n|   15 |                                                 ["abc","def"] |                              NULL |\n|   16 |                              [null,true,false,100,6.18,"abc"] |                              NULL |\n|   17 |                            [{"k1":"v41","k2":400},1,"a",3.14] |                              NULL |\n|   18 | {"k1":"v31","k2":300,"a1":[{"k1":"v41","k2":400},1,"a",3.14]} |                               300 |\n|   26 |                                          {"k1":"v1","k2":200} |                               200 |\n+------+---------------------------------------------------------------+-----------------------------------+\n19 rows in set (0.03 sec)\n')),(0,l.yg)("ul",null,(0,l.yg)("li",{parentName:"ul"},"json_extract_bool will extract field with boolean type\uff0creturn NULL if the field is not boolean")),(0,l.yg)("pre",null,(0,l.yg)("code",{parentName:"pre"},'mysql> SELECT id, j, json_extract_bool(j, \'$\') FROM test_json ORDER BY id;\n+------+---------------------------------------------------------------+------------------------------+\n| id   | j                                                             | json_extract_bool(`j`, \'$\') |\n+------+---------------------------------------------------------------+------------------------------+\n|    1 |                                                          NULL |                         NULL |\n|    2 |                                                          null |                         NULL |\n|    3 |                                                          true |                            1 |\n|    4 |                                                         false |                            0 |\n|    5 |                                                           100 |                         NULL |\n|    6 |                                                         10000 |                         NULL |\n|    7 |                                                    1000000000 |                         NULL |\n|    8 |                                           1152921504606846976 |                         NULL |\n|    9 |                                                          6.18 |                         NULL |\n|   10 |                                                        "abcd" |                         NULL |\n|   11 |                                                            {} |                         NULL |\n|   12 |                                         {"k1":"v31","k2":300} |                         NULL |\n|   13 |                                                            [] |                         NULL |\n|   14 |                                                     [123,456] |                         NULL |\n|   15 |                                                 ["abc","def"] |                         NULL |\n|   16 |                              [null,true,false,100,6.18,"abc"] |                         NULL |\n|   17 |                            [{"k1":"v41","k2":400},1,"a",3.14] |                         NULL |\n|   18 | {"k1":"v31","k2":300,"a1":[{"k1":"v41","k2":400},1,"a",3.14]} |                         NULL |\n|   26 |                                          {"k1":"v1","k2":200} |                         NULL |\n+------+---------------------------------------------------------------+------------------------------+\n19 rows in set (0.01 sec)\n\nmysql> SELECT id, j, json_extract_bool(j, \'$[1]\') FROM test_json ORDER BY id;\n+------+---------------------------------------------------------------+---------------------------------+\n| id   | j                                                             | json_extract_bool(`j`, \'$[1]\') |\n+------+---------------------------------------------------------------+---------------------------------+\n|    1 |                                                          NULL |                            NULL |\n|    2 |                                                          null |                            NULL |\n|    3 |                                                          true |                            NULL |\n|    4 |                                                         false |                            NULL |\n|    5 |                                                           100 |                            NULL |\n|    6 |                                                         10000 |                            NULL |\n|    7 |                                                    1000000000 |                            NULL |\n|    8 |                                           1152921504606846976 |                            NULL |\n|    9 |                                                          6.18 |                            NULL |\n|   10 |                                                        "abcd" |                            NULL |\n|   11 |                                                            {} |                            NULL |\n|   12 |                                         {"k1":"v31","k2":300} |                            NULL |\n|   13 |                                                            [] |                            NULL |\n|   14 |                                                     [123,456] |                            NULL |\n|   15 |                                                 ["abc","def"] |                            NULL |\n|   16 |                              [null,true,false,100,6.18,"abc"] |                               1 |\n|   17 |                            [{"k1":"v41","k2":400},1,"a",3.14] |                            NULL |\n|   18 | {"k1":"v31","k2":300,"a1":[{"k1":"v41","k2":400},1,"a",3.14]} |                            NULL |\n|   26 |                                          {"k1":"v1","k2":200} |                            NULL |\n+------+---------------------------------------------------------------+---------------------------------+\n19 rows in set (0.01 sec)\n')),(0,l.yg)("ul",null,(0,l.yg)("li",{parentName:"ul"},"json_extract_isnull will extract field with json null type\uff0creturn 1 if the field is json null , else 0"),(0,l.yg)("li",{parentName:"ul"},"json null is different from SQL NULL. SQL NULL stands for no value for a field, but json null stands for an field with special value null.")),(0,l.yg)("pre",null,(0,l.yg)("code",{parentName:"pre"},'mysql> SELECT id, j, json_extract_isnull(j, \'$\') FROM test_json ORDER BY id;\n+------+---------------------------------------------------------------+--------------------------------+\n| id   | j                                                             | json_extract_isnull(`j`, \'$\') |\n+------+---------------------------------------------------------------+--------------------------------+\n|    1 |                                                          NULL |                           NULL |\n|    2 |                                                          null |                              1 |\n|    3 |                                                          true |                              0 |\n|    4 |                                                         false |                              0 |\n|    5 |                                                           100 |                              0 |\n|    6 |                                                         10000 |                              0 |\n|    7 |                                                    1000000000 |                              0 |\n|    8 |                                           1152921504606846976 |                              0 |\n|    9 |                                                          6.18 |                              0 |\n|   10 |                                                        "abcd" |                              0 |\n|   11 |                                                            {} |                              0 |\n|   12 |                                         {"k1":"v31","k2":300} |                              0 |\n|   13 |                                                            [] |                              0 |\n|   14 |                                                     [123,456] |                              0 |\n|   15 |                                                 ["abc","def"] |                              0 |\n|   16 |                              [null,true,false,100,6.18,"abc"] |                              0 |\n|   17 |                            [{"k1":"v41","k2":400},1,"a",3.14] |                              0 |\n|   18 | {"k1":"v31","k2":300,"a1":[{"k1":"v41","k2":400},1,"a",3.14]} |                              0 |\n|   26 |                                          {"k1":"v1","k2":200} |                              0 |\n+------+---------------------------------------------------------------+--------------------------------+\n19 rows in set (0.03 sec)\n\n')),(0,l.yg)("h5",{id:"check-if-a-field-is-existed-in-json-by-json_exists_path"},"check if a field is existed in json by json_exists_path"),(0,l.yg)("pre",null,(0,l.yg)("code",{parentName:"pre"},'mysql> SELECT id, j, json_exists_path(j, \'$\') FROM test_json ORDER BY id;\n+------+---------------------------------------------------------------+-----------------------------+\n| id   | j                                                             | json_exists_path(`j`, \'$\') |\n+------+---------------------------------------------------------------+-----------------------------+\n|    1 |                                                          NULL |                        NULL |\n|    2 |                                                          null |                           1 |\n|    3 |                                                          true |                           1 |\n|    4 |                                                         false |                           1 |\n|    5 |                                                           100 |                           1 |\n|    6 |                                                         10000 |                           1 |\n|    7 |                                                    1000000000 |                           1 |\n|    8 |                                           1152921504606846976 |                           1 |\n|    9 |                                                          6.18 |                           1 |\n|   10 |                                                        "abcd" |                           1 |\n|   11 |                                                            {} |                           1 |\n|   12 |                                         {"k1":"v31","k2":300} |                           1 |\n|   13 |                                                            [] |                           1 |\n|   14 |                                                     [123,456] |                           1 |\n|   15 |                                                 ["abc","def"] |                           1 |\n|   16 |                              [null,true,false,100,6.18,"abc"] |                           1 |\n|   17 |                            [{"k1":"v41","k2":400},1,"a",3.14] |                           1 |\n|   18 | {"k1":"v31","k2":300,"a1":[{"k1":"v41","k2":400},1,"a",3.14]} |                           1 |\n|   26 |                                          {"k1":"v1","k2":200} |                           1 |\n+------+---------------------------------------------------------------+-----------------------------+\n19 rows in set (0.02 sec)\n\nmysql> SELECT id, j, json_exists_path(j, \'$.k1\') FROM test_json ORDER BY id;\n+------+---------------------------------------------------------------+--------------------------------+\n| id   | j                                                             | json_exists_path(`j`, \'$.k1\') |\n+------+---------------------------------------------------------------+--------------------------------+\n|    1 |                                                          NULL |                           NULL |\n|    2 |                                                          null |                              0 |\n|    3 |                                                          true |                              0 |\n|    4 |                                                         false |                              0 |\n|    5 |                                                           100 |                              0 |\n|    6 |                                                         10000 |                              0 |\n|    7 |                                                    1000000000 |                              0 |\n|    8 |                                           1152921504606846976 |                              0 |\n|    9 |                                                          6.18 |                              0 |\n|   10 |                                                        "abcd" |                              0 |\n|   11 |                                                            {} |                              0 |\n|   12 |                                         {"k1":"v31","k2":300} |                              1 |\n|   13 |                                                            [] |                              0 |\n|   14 |                                                     [123,456] |                              0 |\n|   15 |                                                 ["abc","def"] |                              0 |\n|   16 |                              [null,true,false,100,6.18,"abc"] |                              0 |\n|   17 |                            [{"k1":"v41","k2":400},1,"a",3.14] |                              0 |\n|   18 | {"k1":"v31","k2":300,"a1":[{"k1":"v41","k2":400},1,"a",3.14]} |                              1 |\n|   26 |                                          {"k1":"v1","k2":200} |                              1 |\n+------+---------------------------------------------------------------+--------------------------------+\n19 rows in set (0.03 sec)\n\nmysql> SELECT id, j, json_exists_path(j, \'$[2]\') FROM test_json ORDER BY id;\n+------+---------------------------------------------------------------+--------------------------------+\n| id   | j                                                             | json_exists_path(`j`, \'$[2]\') |\n+------+---------------------------------------------------------------+--------------------------------+\n|    1 |                                                          NULL |                           NULL |\n|    2 |                                                          null |                              0 |\n|    3 |                                                          true |                              0 |\n|    4 |                                                         false |                              0 |\n|    5 |                                                           100 |                              0 |\n|    6 |                                                         10000 |                              0 |\n|    7 |                                                    1000000000 |                              0 |\n|    8 |                                           1152921504606846976 |                              0 |\n|    9 |                                                          6.18 |                              0 |\n|   10 |                                                        "abcd" |                              0 |\n|   11 |                                                            {} |                              0 |\n|   12 |                                         {"k1":"v31","k2":300} |                              0 |\n|   13 |                                                            [] |                              0 |\n|   14 |                                                     [123,456] |                              0 |\n|   15 |                                                 ["abc","def"] |                              0 |\n|   16 |                              [null,true,false,100,6.18,"abc"] |                              1 |\n|   17 |                            [{"k1":"v41","k2":400},1,"a",3.14] |                              1 |\n|   18 | {"k1":"v31","k2":300,"a1":[{"k1":"v41","k2":400},1,"a",3.14]} |                              0 |\n|   26 |                                          {"k1":"v1","k2":200} |                              0 |\n+------+---------------------------------------------------------------+--------------------------------+\n19 rows in set (0.02 sec)\n\n\n')),(0,l.yg)("h5",{id:"get-the-datatype-of-a-field-in-json-by-json_type"},"get the datatype of a field in json by json_type"),(0,l.yg)("ul",null,(0,l.yg)("li",{parentName:"ul"},"return the data type of the field specified by json path, NULL if not existed.")),(0,l.yg)("pre",null,(0,l.yg)("code",{parentName:"pre"},'mysql> SELECT id, j, json_type(j, \'$\') FROM test_json ORDER BY id;\n+------+---------------------------------------------------------------+----------------------+\n| id   | j                                                             | json_type(`j`, \'$\') |\n+------+---------------------------------------------------------------+----------------------+\n|    1 |                                                          NULL | NULL                 |\n|    2 |                                                          null | null                 |\n|    3 |                                                          true | bool                 |\n|    4 |                                                         false | bool                 |\n|    5 |                                                           100 | int                  |\n|    6 |                                                         10000 | int                  |\n|    7 |                                                    1000000000 | int                  |\n|    8 |                                           1152921504606846976 | bigint               |\n|    9 |                                                          6.18 | double               |\n|   10 |                                                        "abcd" | string               |\n|   11 |                                                            {} | object               |\n|   12 |                                         {"k1":"v31","k2":300} | object               |\n|   13 |                                                            [] | array                |\n|   14 |                                                     [123,456] | array                |\n|   15 |                                                 ["abc","def"] | array                |\n|   16 |                              [null,true,false,100,6.18,"abc"] | array                |\n|   17 |                            [{"k1":"v41","k2":400},1,"a",3.14] | array                |\n|   18 | {"k1":"v31","k2":300,"a1":[{"k1":"v41","k2":400},1,"a",3.14]} | object               |\n|   26 |                                          {"k1":"v1","k2":200} | object               |\n+------+---------------------------------------------------------------+----------------------+\n19 rows in set (0.02 sec)\n\nmysql> select id, j, json_type(j, \'$.k1\') from test_json order by id;\n+------+---------------------------------------------------------------+-------------------------+\n| id   | j                                                             | json_type(`j`, \'$.k1\') |\n+------+---------------------------------------------------------------+-------------------------+\n|    1 |                                                          NULL | NULL                    |\n|    2 |                                                          null | NULL                    |\n|    3 |                                                          true | NULL                    |\n|    4 |                                                         false | NULL                    |\n|    5 |                                                           100 | NULL                    |\n|    6 |                                                         10000 | NULL                    |\n|    7 |                                                    1000000000 | NULL                    |\n|    8 |                                           1152921504606846976 | NULL                    |\n|    9 |                                                          6.18 | NULL                    |\n|   10 |                                                        "abcd" | NULL                    |\n|   11 |                                                            {} | NULL                    |\n|   12 |                                         {"k1":"v31","k2":300} | string                  |\n|   13 |                                                            [] | NULL                    |\n|   14 |                                                     [123,456] | NULL                    |\n|   15 |                                                 ["abc","def"] | NULL                    |\n|   16 |                              [null,true,false,100,6.18,"abc"] | NULL                    |\n|   17 |                            [{"k1":"v41","k2":400},1,"a",3.14] | NULL                    |\n|   18 | {"k1":"v31","k2":300,"a1":[{"k1":"v41","k2":400},1,"a",3.14]} | string                  |\n|   26 |                                          {"k1":"v1","k2":200} | string                  |\n+------+---------------------------------------------------------------+-------------------------+\n19 rows in set (0.03 sec)\n\n')),(0,l.yg)("h3",{id:"keywords"},"keywords"),(0,l.yg)("p",null,"JSONB, JSON, json_parse, json_parse_error_to_null, json_parse_error_to_value, json_extract, json_extract_isnull, json_extract_bool, json_extract_int, json_extract_bigint, json_extract_double, json_extract_string, json_exists_path, json_type"))}u.isMDXComponent=!0}}]);